64,43F01605245FFF0074820801080200;43F016052500FF0F20010101010100;43F016052501FF0601010101010100;43F016052502FF0101010B28010100;43F016052503FF0101010101010100;43F016052504FF0101010301010100;43F016052505FF01013401011A0101;43F016052506FF0101010606010100;43F016052507FF0A01010101010100;43F016052508FF1509010101010100;43F016052509FF0701011E2C010101;43F01605250AFF0101010213011200;43F01605250BFF01110101010F2C00;43F01605250CFF0101010201010100;43F01605250DFF0101010101010101;43F01605250EFF0101010101010100;43F01605250FFF01011A0101011200;43F016052510FF0101010C01010100;43F016052511FF0101010101230101;43F016052512FF0101240101011D00;43F016052513FF0101012101011600;43F016052514FF0101010101010100;43F016052515FF0101010101010101;43F016052516FF0101011101060D00;43F016052517FF0101010101010100;43F016052518FF0301010112010100;43F016052519FF011C010103040101;43F01605251AFF0101010101070100;43F01605251BFF150101010F010100;43F01605251CFF0101010101100400
64,43F016053002FFA60A010101010100;43F016053003FF01010109190B0100;43F016053004FF0101010101011500;43F016053005FF0101040A01010100;43F016053006FF1701011D01010100;43F016053007FF0101120101010100;43F016053008FF0101160701010F00;43F016053009FF0101370101010101;43F01605300AFF0101011201280100;43F01605300BFF1501151101140100;43F01605300CFF0101010101010100;43F01605300DFF0101193601010101;43F01605300EFF0101010C01010100;43F01605300FFF011F010901010100;43F016053010FF0101220101010100;43F016053011FF0101010101010101;43F016053012FF01010101011D0100;43F016053013FF010101013B010100;43F016053014FF01010101010B0100;43F016053015FF0101010101010107;43F016053016FF0101011901010100;43F016053017FF1401140207010500;43F016053018FF01010101011D0100;43F016053019FF0101010101010115;43F01605301AFF0101260101010100;43F01605301BFF0101130101010100
64,43F016053100FF00CB1A2B02010100;43F016053101FF2828040101010100;43F016053102FF0108010101010100;43F016053103FF0119010111010100;43F016053104FF0101011101010100;43F016053105FF0101010101010101;43F016053106FF01010D1001010100;43F016053107FF160101010F140100;43F016053108FF0101230101010800;43F016053109FF0A0107290E1D0101;43F01605310AFF0101010101010100;43F01605310BFF010101011A0E1000;43F01605310CFF0101010207010100;43F01605310DFF2B01010101052001;43F01605310EFF0101080142010100;43F01605310FFF0120010129010100;43F016053110FF010101010E090100;43F016053111FF1801010101010101;43F016053112FF0101010101010100;43F016053113FF0101010101010100;43F016053114FF16013A0101010100;43F016053115FF0101011A01010101;43F016053116FF1D2801012F010100;43F016053117FF0112270101010100;43F016053118FF0104010101010100;43F016053119FF0501010101170101;43F01605311AFF010C010B1B010100;43F01605311BFF0101010101010100
64,43F016053100FF00CB1A2B02010100;43F016053101FF2828040101010100;43F016053102FF0108010101010100;43F016053103FF0119010111010100;43F016053104FF0101011101010100;43F016053105FF0101010101010101;43F016053106FF01010D1001010100;43F016053107FF160101010F140100;43F016053108FF0101230101010800;43F016053109FF0A0107290E1D0101;43F01605310AFF0101010101010100;43F01605310BFF010101011A0E1000;43F01605310CFF0101010207010100;43F01605310DFF2B01010101052001;43F01605310EFF0101080142010100;43F01605310FFF0120010129010100;43F016053110FF010101010E090100;43F016053111FF1801010101010101;43F016053112FF0101010101010100;43F016053113FF0101010101010100;43F016053114FF16013A0101010100;43F016053115FF0101011A01010101;43F016053116FF1D2801012F010100;43F016053117FF0112270101010100;43F016053118FF0104010101010100;43F016053119FF0501010101170101;43F01605311AFF010C010B1B010100;43F01605311BFF0101010101010100
64,43F01606015FFF0000000000003C00;43F016060200FF0101015D01010100;43F016060201FF010101170D010100;43F016060202FF01014A0101060100;43F016060203FF0101010101010100;43F016060204FF01011A0101010100;43F016060205FF010112160B010101;43F016060206FF0101010101010100;43F016060207FF010101011A110100;43F016060208FF0101200108010100;43F016060209FF010104010A010101;43F01606020AFF01010E1C01010100;43F01606020BFF01012B1A11010100;43F01606020CFF0101010A01010100;43F01606020DFF0112010101010E01;43F01606020EFF0101100801010100;43F01606020FFF0112010101010100;43F016060210FF0101010101010100;43F016060211FF01010101012D0101;43F016060212FF0101010107090100;43F016060213FF010112013D010100;43F016060214FF0101180101012600;43F016060215FF0C010101010F0109;43F016060216FF01010F0101010100;43F016060217FF0101010101010100;43F016060218FF0101010101010100;43F016060219FF0101010138010111;43F01606021AFF01010F01013E0100;43F01606021BFF0101010101010100;43F01606021CFF0101010101010100;43F01606021DFFC2FC170708334F05;43F01606021EFF2014272B12150100;43F01606021FFF1201240134020100
97,43f01605285fff01010000686a0100;43f016052900ff0101010101010100;43f016052901ff0101010101010100;43f016052902ff0101010101010100;43f016052903ff0101010101010100;43f016052904ff0109010101010100;43f016052905ff0101010b01020101;43f016052906ff0146010101010100;43f016052907ff0101010101010100;43f016052908ff0101010101010100;43f016052909ff0101010101010101;43f01605290aff0101011f42020100;43f01605290bff014f05194507e900;43f01605290cff787b571531010200;43f01605290dff0102181a0f101b01;43f01605290eff45b20101011b0c00;43f01605290fff0118021901012f00;43f016052910ff0372010101010100;43f016052911ff0101010101010117;43f016052912ff4a01010101010100;43f016052913ff0101010101010100;43f016052914ff0101010101010100;43f016052915ff070101010101011e;43f016052916ff0101310101010100;43f016052917ff0101010101010100;43f016052918ff0101010101010100;43f016052919ff0101200101010101;43f01605291aff0101010101010100;43f01605291bff0101010101010100;43f01605291cff0101010101010100;43f01605291dff0101010101010101;43f01605291eff0101010101010100;43f01605291fff0601010101010a00;
97,43f016052956ff000000b202010100;43f016052957ff0101010106010100;43f016052958ffe156010101010300;43f016052959ff01a5010101010101;43f01605295aff0101010101010100;43f01605295bff01014c0101010100;43f01605295cff0101010101010100;43f01605295dff010101010101012c;43f01605295eff0101010101010800;43f01605295fff01010e0101010100;43f016053000ff01012e2801010100;43f016053001ff0101010132010100;43f016053002ff011c010101010100;43f016053003ff0101010101010200;43f016053004ff0101010101010100;43f016053005ff0101010101010103;43f016053006ff0101010101100100;43f016053007ff0101010101010100;43f016053008ff0101010101010100;43f016053009ff0101010101010901;43f01605300aff0101010101010100;43f01605300bff0101010101010100;43f01605300cff0101010301090900;43f01605300dff0101013335010101;43f01605300eff0101010101011700;43f01605300fff0e01010205011e00;43f016053010ff0134010101010400;43f016053011ff01020101011d0101;
97,43f01605305bff008c430101010100;43f01605305cff0101010101010100;43f01605305dff0101010101010101;43f01605305eff0101010101010100;43f01605305fff0101010101010100;43f016053100ff0101010101010100;43f016053101ff01011d0101010100;43f016053102ff0101010101010100;43f016053103ff0101010101010200;43f016053104ff5601010101012000;43f016053105ff0101010101010101;43f016053106ff01010101012d0100;43f016053107ff01010101012a0100;43f016053108ff0101100101010100;43f016053109ff0101010101010101;43f01605310aff0101010101010100;43f01605310bff0101010101010100;43f01605310cff132401011b010100;43f01605310dff0101770101010101;43f01605310eff0101010101010100;43f01605310fff012e010101011700;43f016053110ff0101010101010100;43f016053111ff011a010101010101;43f016053112ff0109010101010100;43f016053113ff0101010101010100;43f016053114ff0101010101010100;43f016053115ff0101010701082c01;43f016053116ff010b010101010100;43f016053117ff0111010101010100;43f016053118ff0c01010101010100;43f016053119ff0101010101280101;43f01605311aff0101010101010100;43f01605311bff0101010101040100;43f01605311cff0101010101010100;43f01605311dff0101010101010101;
97,43f01605315aff0000097e9404ca00;43f01605315bff0b162bde06030100;43f01605315cff01fc010101018b00;43f01605315dff0d01010101010100;43f01605315eff0101010101010100;43f01605315fff0101010101010100;43f016060100ff890e1a0101010100;43f016060101ff0101010101010100;43f016060102ff0101010101010100;43f016060103ff0101010101010100;43f016060104ff0101010101010100;43f016060105ff0126010101010101;43f016060106ff0101010101010100;43f016060107ff0104320101010100;43f016060108ff0101010101010100;43f016060109ff0101010101010101;43f01606010aff0101010101010100;43f01606010bff1f01010101010100;43f01606010cff0101010101010100;43f01606010dff0101010101010101;43f01606010eff0101012401010100;43f01606010fff0101010101010100;43f016060110ff0301010101010100;43f016060111ff3a01010101010101;43f016060112ff0101010101010100;43f016060113ff0101010101010100;43f016060114ff0101010101010100;43f016060115ff0101030101010101;43f016060116ff0101010101010100;43f016060117ff210101010c010100;43f016060118ff0101010109010100;43f016060119ff0101010101010101;43f01606011aff0101010101010100;43f01606011bff0101010101190100;43f01606011cff0101470614010100;
97,43f016060156ff000000008e010100;43f016060157ff0101010101010100;43f016060158ff0101010101010100;43f016060159ff0101010101010102;43f01606015aff08010101010f0100;43f01606015bff0101011801010100;43f01606015cff0101010101010100;43f01606015dff014c110101130101;43f01606015eff0101010101011a00;43f01606015fff0101012601010700;43f016060200ff0101010101010100;43f016060201ff0101010101010100;43f016060202ff01010101011d0100;43f016060203ff0101010101010100;43f016060204ff0101010101010100;43f016060205ff0101010101010101;43f016060206ff010145011a010100;43f016060207ff0101011801010100;43f016060208ff0101010101010100;43f016060209ff0101010101011001;43f01606020aff1101010101010100;43f01606020bff0101010101010100;43f01606020cff0121013201010100;43f01606020dff0101010606010101;43f01606020eff0101010101010100;43f01606020fff1001010102010100;43f016060210ff0101010b01010100;43f016060211ff0101010123010101;43f016060212ff0101011b011c0100;43f016060213ff0101010101010100;43f016060214ff0101010101010100;43f016060215ff0101010106010101;43f016060216ff010101010b010100;43f016060217ff0101010101070100;43f016060218ff01010c0101011600;43f016060219ff010101010b010101;43f01606021aff0102010101010100;
145,43f016052900ff0036160101010100;43f016052901ff0101010101010100;43f016052902ff0101010101010100;43f016052903ff0101010101010e00;43f016052904ff2401240109010100;43f016052905ff0101010105010101;43f016052906ff0101010101010100;43f016052907ff0101010101010100;43f016052908ff0101010101010100;43f016052909ff010110010a010101;43f01605290aff0101010101090e00;43f01605290bff0101010101010100;43f01605290cff0101010101010100;43f01605290dff0101010c01010101;43f01605290eff0101010101010100;43f01605290fff01010109071a0b00;43f016052910ff0101010101010100;43f016052911ff0101010101010101;43f016052912ff2401010101010100;43f016052913ff0101010101010100;43f016052914ff01010a0101160100;43f016052915ff0107010101010101;43f016052916ff0101010101010100;43f016052917ff0101010101010100;43f016052918ff0101011901012d00;43f016052919ff0101010101010101;43f01605291aff0101010101010100;43f01605291bff1901010115010100;43f01605291cff1a12010101010d00;43f01605291dff0501010101010101;43f01605291eff0118013d01010100;43f01605291fff0101010101010200;43f016052920ff010101010a010100;
145,43f01605295eff3c680a5c01011800;43f01605295fff3d650b0103070200;43f016053000ff011a4e29d7420300;43f016053001ff4201320f01020d00;43f016053002ff0101010111010100;43f016053003ff4b19011d08340100;43f016053004ff0101010301010100;43f016053005ff0101010101010101;43f016053006ff01011e0101010100;43f016053007ff0101010101012900;43f016053008ff010101010101c800;43f016053009ff2d01431314010101;43f01605300aff0101010101010100;43f01605300bff0101010101010100;43f01605300cff0101010101010100;43f01605300dff0101010101132d01;43f01605300eff1801010101010100;43f01605300fff0101010101010100;43f016053010ff01010108010c0100;43f016053011ff010101010101010e;43f016053012ff0101010101011c00;43f016053013ff320101011f010100;43f016053014ff0101012d06010e00;43f016053015ff0101010101010101;43f016053016ff0101010101010100;43f016053017ff010101011d010100;43f016053018ff0101010a01010100;
145,43f01605305cffc744430756660300;43f01605305dff0101010101010101;43f01605305eff0101010101010100;43f01605305fff01010101010b2f00;43f016053100ff010101010f111000;43f016053101ff090c010301010100;43f016053102ff0101010117010100;43f016053103ff0101010101010100;43f016053104ff0101010101010100;43f016053105ff0101010101010101;43f016053106ff0115010101010100;43f016053107ff0101010128010100;43f016053108ff0101010101010100;43f016053109ff0102010101010101;43f01605310aff0101010101010100;43f01605310bff0101010101010100;43f01605310cff0101011901010100;43f01605310dff010101010f010101;43f01605310eff0101011501010100;43f01605310fff0101010134010800;43f016053110ff0101010101010100;43f016053111ff1501010101010101;43f016053112ff0101010101010100;43f016053113ff0101010101010100;43f016053114ff01010101011d0100;43f016053115ff0101130a01160101;43f016053116ff2101010101010100;43f016053117ff0101010101010100;43f016053118ff01010f0101020100;
145,43f01605315cff0000002cf50b0725;43f01605315dff0601010101010101;43f01605315eff0101010101010100;43f01605315fff0101032601010100;43f016060100ff0109010101010100;43f016060101ff0101019001010100;43f016060102ff0101010101010100;43f016060103ff0101011304010100;43f016060104ff0101010101080100;43f016060105ff0101010101010101;43f016060106ff0105010113010100;43f016060107ff0101010101010100;43f016060108ff0101010101011900;43f016060109ff0101010101010c01;43f01606010aff0101080101010100;43f01606010bff0101010101010600;43f01606010cff0101010101010100;43f01606010dff0101010110010101;43f01606010eff0101010101010100;43f01606010fff0101010f01130100;43f016060110ff0101010b35010100;43f016060111ff0101090d011b010c;43f016060112ff0101030101010100;43f016060113ff0101010401390100;43f016060114ff010101010b010200;43f016060115ff0101010106010101;43f016060116ff0102010101010100;43f016060117ff0101010101010100;43f016060118ff0101010101011600;
145,43f01606015cff000000000067c200;43f01606015dff52160d01090f0101;43f01606015eff0101010101010100;43f01606015fff0101010101010100;43f016060200ff0518160e011e2a00;43f016060201ff04010101043f0c00;43f016060202ff0801015e01010100;43f016060203ff01014d0101010100;43f016060204ff10010101800a0900;43f016060205ff0101010101010101;43f016060206ff0101010101010100;43f016060207ff0101010101010100;43f016060208ff0106010101010100;43f016060209ff0101010101010101;43f01606020aff0101010101010100;43f01606020bff01010101010e0100;43f01606020cff0101010101011500;43f01606020dff0101070101010601;43f01606020eff0101011501010100;43f01606020fff0101010101010100;43f016060210ff0101080101010100;43f016060211ff0101011501010b0b;43f016060212ff010c0f0101040100;43f016060213ff0101120101193000;43f016060214ff01013207011c0100;43f016060215ff0101010101010101;43f016060216ff0101010101010100;43f016060217ff0101010101011500;43f016060218ff0727060124010100;
191,43f016052908ff00000021362a0900;43f016052909ff56640c160e010100;43f01605290aff0101010101171000;43f01605290bff0101010101010100;43f01605290cff0101010101010e00;43f01605290dff0501010101012201;43f01605290eff01010122220e0100;43f01605290fff0f01040101010100;43f016052910ff01010e0101010100;43f016052911ff01010f0101010101;43f016052912ff01011a7f01010100;43f016052913ff01010132010e0100;43f016052914ff01010101011b0100;43f016052915ff0101010301010101;43f016052916ff0101010101010100;43f016052917ff0101010f3d010100;43f016052918ff1e33020103a3bd00;43f016052919ff231f03015c010101;43f01605291aff4b50010118013e00;43f01605291bff9e83c8d80da11300;43f01605291cff7650a3621a381600;43f01605291dff431715111b34281b;43f01605291eff991a170201fd5a00;43f01605291fff3301010101010100;43f016052920ff2819010107010100;43f016052921ff0111010101010152;43f016052922ff0112010101010100;43f016052923ff0101010101010100;43f016052924ff0101010601010e00;43f016052925ff1a01070101010101;43f016052926ff0101010101010100;43f016052927ff0101010101230100;43f016052928ff0136010601010100;43f016052929ff0101010bf32c0701;43f01605292aff01011f3b163c2a00;43f01605292bff0a108b0101063a00;
191,43f016053000ff7ba8a7c1bb808400;43f016053001ff17280701091a7b00;43f016053002ff2513014c0a010100;43f016053003ff0101010101040100;43f016053004ff0501010101a80f00;43f016053005ff010115150c01015f;43f016053006ff0101010101010100;43f016053007ff0101010101010100;43f016053008ff0101010101010100;43f016053009ff0101010101010101;43f01605300aff0308040111150100;43f01605300bff0101010101010100;43f01605300cff0101010101010100;43f01605300dff0101010101010101;43f01605300eff0101010101010100;43f01605300fff0101010101010100;43f016053010ff1301010105010100;43f016053011ff0108010601010116;43f016053012ff010116011e010100;43f016053013ff0101010101010100;43f016053014ff0101010101010100;43f016053015ff0101010109010148;43f016053016ff0901180101010100;43f016053017ff0101011201010100;43f016053018ff0101011001010100;43f016053019ff0a01010102010101;43f01605301aff0e09010301013600;43f01605301bff0701010101011e00;43f01605301cff0108012d01010b00;43f01605301dff0101010101010109;43f01605301eff0101306216013d00;43f01605301fff0101010501011400;43f016053020ff0111010101010100;43f016053021ff0c01011101010101;43f016053022ff2301010101010100;43f016053023ff0109010101010100;
191,43f01605305fff0000a6bb1ed93e00;43f016053100ff6ba2204e0ddf1b00;43f016053101ff4730a040112d3500;43f016053102ff854e4f0219011500;43f016053103ff0b1003010ebe2c00;43f016053104fff67801150b030300;43f016053105ff11061f265d10042f;43f016053106ff031725332c010100;43f016053107ff0101010101010d00;43f016053108ff0129383501010100;43f016053109ff0101010101010132;43f01605310aff010e090101010100;43f01605310bff0107010d01110100;43f01605310cff0101010101010100;43f01605310dff0101090101010101;43f01605310eff0701010101050700;43f01605310fff0101010105011f00;43f016053110ff0101010101010100;43f016053111ff1801010101010101;43f016053112ff0101010101010100;43f016053113ff0101010101010100;43f016053114ff0101010101010100;43f016053115ff0101010101010101;43f016053116ff0101010119100100;43f016053117ff0101010101060200;43f016053118ff010101013a0d2400;43f016053119ff1f15010101010101;43f01605311aff0101010118010700;43f01605311bff0101010a073a0100;43f01605311cff0101010101010100;43f01605311dff1901010101010101;43f01605311eff0101010101010100;43f01605311fff0101010101010100;43f016053120ff0101014401010100;43f016053121ff0a01200101010a01;43f016053122ff2d01010101010100;43f016053123ff0101013201010100;43f016053124ff0118010101010100;43f016053125ff0101010101010101;43f016053126ff1001010101160e00;43f016053127ff1b0101012b010100;43f016053128ff0101010101010800;
191,43f016060100ff000049d70e6e6f00;43f016060101ff672d2b0201012500;43f016060102ff0101010101010100;43f016060103ff0101010101010100;43f016060104ff0101300101010100;43f016060105ff0f01010101011801;43f016060106ff0101010101010100;43f016060107ff1e0d010110190100;43f016060108ff0901011e01011b00;43f016060109ff7c01010101011601;43f01606010aff0e43010101012200;43f01606010bff1d0a010a01010100;43f01606010cff0101010101010100;43f01606010dff89e247743d873401;43f01606010eff0301010101013700;43f01606010fffbe0101010f010100;43f016060110ff0901010809190100;43f016060111ff0101010801010b01;43f016060112ff3e01010101010100;43f016060113ff1301010101010100;43f016060114ff0101010101010100;43f016060115ff01010c012a070101;43f016060116ff0101010101010100;43f016060117ff01014c0101010100;43f016060118ff0101012901010100;43f016060119ff150101013f010101;43f01606011aff012301011b240100;43f01606011bff2c21010101010100;43f01606011cff0101010101010100;43f01606011dff0106040f01010101;43f01606011eff0101010101110100;43f01606011fff0101010101010100;43f016060120ff0101010101010100;43f016060121ff0101100c01010701;43f016060122ff1a01010101012f00;43f016060123ff5001070101072100;
191,43f016060203ff00000000008adf00;43f016060204ff2715015f2e5a2900;43f016060205ff393851131f0f9b00;43f016060206ff4171110b10708e00;43f016060207ff742f281104373600;43f016060208ff466c77381d590100;43f016060209fff0fa376b01102844;43f01606020aff034c010a04050600;43f01606020bff0101010101010200;43f01606020cff0101020801010100;43f01606020dff0101020101010101;43f01606020eff01cd8a151f080300;43f01606020fff0101010101010d00;43f016060210ff0101010101010100;43f016060211ff01010c011e010101;43f016060212ff0101010101010100;43f016060213ff0113010101010100;43f016060214ff012a010101010100;43f016060215ff0101010101010101;43f016060216ff0101010f5c1e0100;43f016060217ff0101010101160100;43f016060218ff01010101012c0100;43f016060219ff0101010101010101;43f01606021aff0101010101040100;43f01606021bff0101010113010100;43f01606021cff100101060e010100;43f01606021dff01050175010d0901;43f01606021eff0101010101010100;43f01606021fff0101010101010100;43f016060220ff0101010101010100;43f016060221ff0101011801011601;43f016060222ff0101010101080100;43f016060223ff5f12010101010100;43f016060224ff1c01160101010100;43f016060225ff0101010101011201;43f016060226ff0101010101011400;43f016060227ff1901190101224a00;43f016060228ff0101010101010100;
193,43f016051659ff0806011709b2a201;43f01605165affcb6d39b7d7501f00;43f01605165bffd76fb51cef899d00;43f01605165cff3a0e020101010100;43f01605165dff011e01010101511f;43f01605165eff01010101010a0100;43f01605165fff010201011a010400;43f016051700ff0101010101010100;43f016051701ff0101010101010100;43f016051702ff0101010101010100;43f016051703ff0101020101010d00;43f016051704ff9f06112cc8844600;43f016051705ff769a0101200e0101;43f016051706ff3101010101010100;43f016051707ff0501010101010100;43f016051708ff0101010a01013b00;43f016051709ff0101010b01010101;43f01605170aff2e01017a15010900;43f01605170bff02010101010d0100;43f01605170cff0101010101010100;43f01605170dff0101010101010101;43f01605170eff0101010101010100;43f01605170fff0101010101012000;43f016051710ff1a010a0c010d0100;43f016051711ff0101010101010101;43f016051712ff0101011801010100;43f016051713ff0139143309d0b500;43f016051714ff01565bcc3a190100;43f016051715ff3301010161020101;43f016051716ff1701010112780100;43f016051717ff0b24c52c120f1800;43f016051718ff39162a0842080100;43f016051719ff0117012109010301;43f01605171aff0101011701010100;43f01605171bff0e2101120d010c00;43f01605171cff010102010199a200;43f01605171dff0101010101010101;43f01605171eff0101010101010100;43f01605171fff0101010101010100;43f016051720ff0101010101010100;43f016051721ff01010101031b0201;43f016051722ff0101010101010100;43f016051723ff0101010101010100;43f016051724ff0101010101010100;43f016051725ff01010b0301010101;43f016051726ff011612010b010100;43f016051727ff01011e0d1b010100;43f016051728ff0101010101010100;43f016051729ff0101010101011e01;43f01605172aff01013b3a05010100;
193,43f016051801ff0000000034261400;43f016051802ff5b18070103413000;43f016051803ff11013a5905645000;43f016051804ff3a01040101013800;43f016051805ffb343021510010a59;43f016051806ff0103012d04294a00;43f016051807ff0101012001010100;43f016051808ff0101010101010100;43f016051809ff010101010101013e;43f01605180aff0101010101010100;43f01605180bff0101010101010100;43f01605180cff0101010101010100;43f01605180dff0101010101012202;43f01605180eff0101010101010100;43f01605180fff0101010103010100;43f016051810ff0101040101010100;43f016051811ff0101190101010101;43f016051812ff01010e0117010100;43f016051813ff0101010101010100;43f016051814ff021c060101010100;43f016051815ff0101010101010101;43f016051816ff0101010101010100;43f016051817ff0101010101010100;43f016051818ff0101010127010100;43f016051819ff01010a0101010101;43f01605181aff012b010116020100;43f01605181bff0101010101010700;43f01605181cff0101010101010100;43f01605181dff0101010101012d01;43f01605181eff0101281818010100;43f01605181fff016e780104010100;43f016051820ff0101010101010100;43f016051821ff0101010101010101;43f016051822ff0101010101010100;43f016051823ff010c010101010100;43f016051824ff0101010101010100;43f016051825ff0101010101010101;43f016051826ff01013301011c1e00;43f016051827ff2901011f01010100;43f016051828ff0409013340422000;43f016051829ff1a12097694665301;
193,43f016051902ff000000e98f68c200;43f016051903ff5a586bae7c3f3a00;43f016051904ff414f4a2601010100;43f016051905ff0227011601010100;43f016051906ff0101010101010100;43f016051907ff0f01010101010100;43f016051908ff01012c0201010a00;43f016051909ff0101010101010101;43f01605190aff0201010101010100;43f01605190bff0101010101010100;43f01605190cff0102010301010100;43f01605190dff0101010101010101;43f01605190eff0101010101010100;43f01605190fff57a701010c010100;43f016051910ff012801010e250300;43f016051911ff1701010101011201;43f016051912ff0101010101010100;43f016051913ff0101010103010100;43f016051914ff0d010e1701010d00;43f016051915ff0a0b012001010101;43f016051916ff0f015d7998010100;43f016051917ff4b9d6e0101010100;43f016051918ff0101010101010100;43f016051919ff0101010101010101;43f01605191aff01010101010c0100;43f01605191bff0101010101010100;43f01605191cff0101010101010100;43f01605191dff0101010301010101;43f01605191eff3d01011101010100;43f01605191fff0101010101010100;43f016051920ff101d080111010100;43f016051921ff0101010101010101;43f016051922ff1501010401010500;43f016051923ff010101020b010100;43f016051924ff0101010101010100;43f016051925ff1901160102010101;43f016051926ff01010101016c0700;43f016051927ff4124019f271c0c00;
193,43f016052102ff3d01651e01010100;43f016052103ff6201010101010100;43f016052104ff01070101010b0100;43f016052105ff010101010101017b;43f016052106ff0101010101010100;43f016052107ff0101011813040100;43f016052108ff0106020101010100;43f016052109ff010c010d08012101;43f01605210aff010b0101010f0100;43f01605210bff0101010101010100;43f01605210cff012c010101010100;43f01605210dff0b01040104031101;43f01605210eff176937f501010100;43f01605210fff9d562b8345055200;43f016052110ff01070f7711073200;43f016052111ff120402013a0b010f;43f016052112ff014e06401f309a00;43f016052113ff9101010101010100;43f016052114ff8e0d01726b0e0a00;43f016052115ff0101060101010101;43f016052116ff0101010101010b00;43f016052117ff0b02015c524e3000;43f016052118ffb97626185c200100;43f016052119ff0b15010131010101;43f01605211aff0101010101010100;43f01605211bff01010d0101010100;43f01605211cff0101010101081200;43f01605211dff01070a1001010901;
193,43f01605225eff0000000000000c00;43f01605225fff04013a2326010300;43f016052300ff59010201010f0100;43f016052301ff0101010101010100;43f016052302ff0101010101010100;43f016052303ff0101010401010100;43f016052304ff0101010101010100;43f016052305ff0101014101010801;43f016052306ff0101010701010100;43f016052307ff0101010112010300;43f016052308ff01010101010f0100;43f016052309ff0101110101010101;43f01605230aff220101040f300100;43f01605230bff0401010101010100;43f01605230cff0101010101010a00;43f01605230dff0101010110040101;43f01605230eff0101010101010100;43f01605230fff010101394ea00100;43f016052310ff0101010101010100;43f016052311ff0101010101010101;43f016052312ff08044b0101010100;43f016052313ff0101010101010100;43f016052314ff0101010101010100;43f016052315ff0113010101030101;43f016052316ff0101010101010100;43f016052317ff01011a0101010100;43f016052318ff0101010711010100;43f016052319ffb70a0101d5a9f601;43f01605231aff46018a6101010100;43f01605231bff010d070104010b00;43f01605231cff01010a0101010100;43f01605231dff1f01010101010101;43f01605231eff0121010101010100;43f01605231fff2201010101010100;43f016052320ff0137010101010100;43f016052321ff010e01111f010115;43f016052322ff0101010101010100;43f016052323ff0101010101010100;43f016052324ff0132011101010100;43f016052325ff0101010101010101;43f016052326ff0101010101010100;43f016052327ff0101260101010100;43f016052328ff0101011e0d010100;
194,43F01605155EFF0000000000390100;43F01605155FFF0101010101010100;43F016051600FF0101010101010100;43F016051601FF0101010101010100;43F016051602FF0101010101010100;43F016051603FF0101010101010100;43F016051604FF0101010101010100;43F016051605FF0101010101010101;43F016051606FF0101010101010100;43F016051607FF0101010101010100;43F016051608FF0101010101010100;43F016051609FF0101010101010101;43F01605160AFF0101010101010100;43F01605160BFF0101010101010100;43F01605160CFF0101010101010100;43F01605160DFF0101010101010101;43F01605160EFF0101010101010100;43F01605160FFF0101010101010100;43F016051610FF0101010101010100;43F016051611FF0101010101010101;43F016051612FF0101010101010100;43F016051613FF0101010101010100;43F016051614FF0101010101010100;43F016051615FF0101010101010101;43F016051616FF0101010101010100;43F016051617FF0101010101010100;43F016051618FF0101010101010100;43F016051619FF0101010101010101;43F01605161AFF0301010101010100;43F01605161BFF0101010101010100;43F01605161CFF0101010101010100
194,43F016051702FF0000130101010100;43F016051703FF0101010101010100;43F016051704FF0101010101010100;43F016051705FF0101010101010100;43F016051706FF0101010101010100;43F016051707FF0101010101010100;43F016051708FF0301010101010100;43F016051709FF0101010101020101;43F01605170AFF0101010101010100;43F01605170BFF0101010101010100;43F01605170CFF0101010101010100;43F01605170DFF0101010101020101;43F01605170EFF0101010101010100;43F01605170FFF0101010101010100;43F016051710FF0101010101010100;43F016051711FF0101010101010101;43F016051712FF0101010101010100;43F016051713FF0101010101010100;43F016051714FF0101010101010100;43F016051715FF0101010101010101;43F016051716FF0101010101010100;43F016051717FF0101010101010100;43F016051718FF0101010101010100;43F016051719FF0101010101010101;43F01605171AFF0101010101010100;43F01605171BFF0101010101010100;43F01605171CFF0101010101010100;43F01605171DFF0101010101010101;43F01605171EFF0101010101010100;43F01605171FFF0101010101010100;43F016051720FF2701010101010100;43F016051721FF0101010101010103;43F016051722FF0101010101010100;43F016051723FF0101010101080100;43F016051724FF0101010101010100;43F016051725FF0101010101010101;43F016051726FF0101010101010100;43F016051727FF0101010101010100;43F016051728FF0101010101010100;43F016051729FF0101010101010101
194,43F016052103FF1B01010101010100;43F016052104FF0101050101010100;43F016052105FF0101010101010100;43F016052106FF0101010101010100;43F016052107FF0101010101010100;43F016052108FF0101010101010100;43F016052109FF0101010101010101;43F01605210AFF0101010101010100;43F01605210BFF0101010101010100;43F01605210CFF0101010101010100;43F01605210DFF0101010101010101;43F01605210EFF0101010101010100;43F01605210FFF0101010101010100;43F016052110FF0101010101010100;43F016052111FF0101010101010101;43F016052112FF0101010101010100;43F016052113FF0101010101010100;43F016052114FF0101010101010100;43F016052115FF0101010101010101;43F016052116FF0101010101010100;43F016052117FF0101010101010100;43F016052118FF2701010101010100;43F016052119FF0101010101010101;43F01605211AFF0101010101010100;43F01605211BFF0101010101010100;43F01605211CFF0101010101010100;43F01605211DFF0101010101010101;43F01605211EFF0101010101010100;43F01605211FFF0101010101010100;43F016052120FF2501010103010100;43F016052121FF0101010102010101;43F016052122FF0101010101010100;43F016052123FF0101010101010100;43F016052124FF0101010101010100;43F016052125FF0101010101010102;43F016052126FF0101010101010100;43F016052127FF0101010101010100;43F016052128FF0101010101010100;43F016052129FF0101010101010101;43F01605212AFF0101010101010100;43F01605212BFF0101010101170100;43F01605212CFF0101010101010100;43F01605212DFF0101010101010101;43F01605212EFF0101010101010100;43F01605212FFF0101010101010100;43F016052130FF0101010101010100;43F016052131FF010101015C75B401
194,43F016052505FF0004010101010100;43F016052506FF0101010101010100;43F016052507FF0101010101010100;43F016052508FF0101010101010100;43F016052509FF0101010101010101;43F01605250AFF0101010101010100;43F01605250BFF0101010101010100;43F01605250CFF0101010101010100;43F01605250DFF0101010101010101;43F01605250EFF0101010101010100;43F01605250FFF0101010101010100;43F016052510FF0101010101010100;43F016052511FF0101010101010101;43F016052512FF0101010101010100;43F016052513FF0101010101010100;43F016052514FF0101010101010100;43F016052515FF0101010101010101;43F016052516FF0101010101010100;43F016052517FF0101010101010100;43F016052518FF2001010101010100;43F016052519FF0101010101010101;43F01605251AFF0101010101010100;43F01605251BFF0101010101010100;43F01605251CFF0101010101010100;43F01605251DFF0101010101010101;43F01605251EFF0101010101010100;43F01605251FFF0101010101010100
194,43F016052600FF0501010101010100;43F016052601FF0101010101010100;43F016052602FF0101010101010100;43F016052603FF0101010101010100;43F016052604FF0101010101010100;43F016052605FF0101010101010101;43F016052606FF0101010101010100;43F016052607FF0101010101010100;43F016052608FF0101010101010100;43F016052609FF0101010101010101;43F01605260AFF0101010101010100;43F01605260BFF0101010101010100;43F01605260CFF0101010101010100;43F01605260DFF0101010101010101;43F01605260EFF0101010101010100;43F01605260FFF0101010101010100;43F016052610FF0101010101010100;43F016052611FF0101010101010101;43F016052612FF0101010101010100;43F016052613FF0101010101010100;43F016052614FF0101010101010100;43F016052615FF0101010101010101;43F016052616FF0101010101010100;43F016052617FF0101010101010100;43F016052618FF1801010101010100;43F016052619FF0101010101010101;43F01605261AFF010101010D010100;43F01605261BFF0101010101010100;43F01605261CFF0101010102010100;43F01605261DFF010101010C010101;43F01605261EFF0101010101010100;43F01605261FFF0101010101010100
201,43f016051954ff7e09010105060100;43f016051955ff0301010101010182;43f016051956ff0101010101010100;43f016051957ff0109010101130100;43f016051958ff0d05060101010100;43f016051959ff0c01010101010101;43f01605195aff0101010101010100;43f01605195bff012d010101010100;43f01605195cff0101010101010100;43f01605195dff0101010101010101;43f01605195eff0101011001010100;43f01605195fff0101010101010100;43f016052000ff1027010101010100;43f016052001ff0101010117010100;43f016052002ff010101021a010e00;43f016052003ff0101011c0e010100;43f016052004ff0101010101010100;43f016052005ff0101010101010101;43f016052006ff0101070101120100;43f016052007ff0112030101010600;43f016052008ff01262b01151e0100;43f016052009ff0101010101010101;43f01605200aff0101010101010100;43f01605200bff0101010101010100;43f01605200cff0101060101010100;43f01605200dff4801070101010101;43f01605200eff0101010101010100;43f01605200fff0b11010115010100;43f016052010ff0101010109010400;43f016052011ff0101010101010101;43f016052012ff0101010101010100;
201,43f016052358ff0000018549010100;43f016052359ff0201070102010900;43f01605235aff0101100101010100;43f01605235bff1701060203011000;43f01605235cff280615231a010100;43f01605235dff0101012a22080a0b;43f01605235eff010e1607050b1300;43f01605235fff0101010603011800;43f016052400ff9be56a1201010100;43f016052401ff0101010101120100;43f016052402ff0d5e010101010100;43f016052403ff0101010110010100;43f016052404ff0101080101010100;43f016052405ff010101011a1e0101;43f016052406ff0101010101012d00;43f016052407ff2401010101010100;43f016052408ff15010101010e1000;43f016052409ff0101010101010101;43f01605240aff0901010b01010a00;43f01605240bff0501010101010100;43f01605240cff0101010101100100;43f01605240dff0101010101010101;43f01605240eff010b0101c21e0100;43f01605240fff0101010101010100;43f016052410ff0101010101010100;43f016052411ff01011d0101011701;43f016052412ff01010114011a0100;43f016052413ff0a14011a64fa4400;43f016052414ff7a01010101010100;43f016052415ff0101010101010101;43f016052416ff0101010101010100;43f016052417ff0101010101010100;43f016052418ff0101010101010100;43f016052419ff0101010101010101;
201,43f016052454ff302e300f0a840100;43f016052455ff0124490101010101;43f016052456ff0101010176010100;43f016052457ff010101010165b600;43f016052458ff8a5d0f0101010100;43f016052459ff0101010101010101;43f01605245aff0101010101010100;43f01605245bff0101010101010100;43f01605245cff0101014c975b1900;43f01605245dff0101010101010101;43f01605245eff0101010101010100;43f01605245fff0101010101010100;43f016052500ff0101010701010e00;43f016052501ff0101010101050600;43f016052502ff0139010101010100;43f016052503ff0101190101010100;43f016052504ff0101010101010100;43f016052505ff0101010101010101;43f016052506ff0101010101011900;43f016052507ff010e010101010c00;43f016052508ff0101010101010100;43f016052509ff0101010101010101;43f01605250aff0101180101010100;43f01605250bff1401010101010100;43f01605250cff3c25010401010100;43f01605250dff0101010d01030101;43f01605250eff010b010101010100;43f01605250fff0101010801010100;43f016052510ff0101010101080100;43f016052511ff0101010101010101;43f016052512ff0101010101013a00;43f016052513ff085c220101252700;43f016052514ff1d01010101010100;43f016052515ff0101010101010101;43f016052516ff0101010101010100;43f016052517ff0101010101010100;43f016052518ff0101010101010100;43f016052519ff0101010101010101;43f01605251aff0101010101010100;43f01605251bff0101010101010100;43f01605251cff0101010101010100;43f01605251dff0101010101010101;
201,43f01605265aff2201010101010100;43f01605265bff0101010101010100;43f01605265cff0101010101010100;43f01605265dff0101010101010606;43f01605265eff010101011d010100;43f01605265fff01012a1301010100;43f016052700ff0107060101010100;43f016052701ff0101010101010100;43f016052702ff0101010101010100;43f016052703ff0101010101013b00;43f016052704ff6f02090101020100;43f016052705ff0101010101010101;43f016052706ff0101010101010100;43f016052707ff0101010101010100;43f016052708ff0e0a010101010100;43f016052709ff0101010101010101;43f01605270aff0101010101010100;43f01605270bff0f01010101190900;43f01605270cff01130104010f0100;43f01605270dff010d0101011a0105;43f01605270eff0101010101010100;43f01605270fff02011e0101010100;43f016052710ff0101010101010100;43f016052711ff1b011f0101010101;43f016052712ff0d01011701012100;43f016052713ff2901352101010100;43f016052714ff0101010101010100;43f016052715ff0101010101010101;43f016052716ff0101010107010100;43f016052717ff0101010101010100;
201,43f01605285eff000000006cd36700;43f01605285fff382e010f1f0b5b00;43f016052900ff0101010101010100;43f016052901ff0101010101010100;43f016052902ff0119010101010100;43f016052903ff0101010101010100;43f016052904ff0101011901010100;43f016052905ff01011b0101010101;43f016052906ff0101010101010100;43f016052907ff0101010101010100;43f016052908ff0101010101010100;43f016052909ff0c01010101010101;43f01605290aff0101010101011400;43f01605290bff0101010101010100;43f01605290cff0101010101010100;43f01605290dff0101010101010101;43f01605290eff01010101011c2400;43f01605290fff010101010e3c0100;43f016052910ff0101010114010100;43f016052911ff2001010101010101;43f016052912ff010101011b012600;43f016052913ff2c01012e01010100;43f016052914ff0101010e01010d00;43f016052915ff0101010101010101;43f016052916ff01010d010b010100;43f016052917ff01010a0301020100;43f016052918ff011e010101010100;43f016052919ff0101010101170101;43f01605291aff0101010101011d00;43f01605291bff0101012a01040100;43f01605291cff0101010101010100;43f01605291dff0101010101010101;43f01605291eff0101010101010100;43f01605291fff0101010101010100;43f016052920ff0101010101010100;43f016052921ff0101010101010101;43f016052922ff0101010101010100;43f016052923ff01010122011b1000;
206,43F01605255EFF00000000737D2800;43F01605255FFF2D1847B2406D0100;43F016052600FF0B05010101010100;43F016052601FF0101010101010100;43F016052602FF010101011E010100;43F016052603FF1701010101010100;43F016052604FF01010114015E0100;43F016052605FF0417010101010101;43F016052606FF0E01010101290100;43F016052607FF0101010101012000;43F016052608FF01230C0101072000;43F016052609FF0801031A01010101;43F01605260AFF011B010101010100;43F01605260BFF0B01040101010100;43F01605260CFF0101010101010100;43F01605260DFF0101010735302801;43F01605260EFF0101010B10050100;43F01605260FFF0171011210010100;43F016052610FF01010101301F0100;43F016052611FF0101010101010101;43F016052612FF0101100101010100;43F016052613FF0110011801090100;43F016052614FF0121011B011D0100;43F016052615FF6823013B01130116;43F016052616FF0B060711018B6100;43F016052617FF3201010101010100
206,43F01605265FFF0000000001010100;43F016052700FF0162606A281B0500;43F016052701FF04023A7FCB2A0900;43F016052702FF0101010C01010100;43F016052703FF0101012001010100;43F016052704FF0101040101010100;43F016052705FF0101010101010101;43F016052706FF0201010101010100;43F016052707FF01010119011F0100;43F016052708FF0101014101363B00;43F016052709FF0101010101010101;43F01605270AFF010101010D010100;43F01605270BFF010105010E210100;43F01605270CFF01010113011F0100;43F01605270DFF0701010101010101;43F01605270EFF0101010301011300;43F01605270FFF1001010101010100;43F016052710FF012001020E101500;43F016052711FF0101010101010101;43F016052712FF010B440101010100;43F016052713FF0101010D01010100;43F016052714FF0122210101540100;43F016052715FF0118020123010101;43F016052716FF4735152D0E6D6400;43F016052717FF6301010101010100
206,43F01605285EFF0000000000007F00;43F01605285FFF295F182B04060100;43F016052900FF024C22380A1A0200;43F016052901FF6601010101010100;43F016052902FF0101010101010100;43F016052903FF0101010101010100;43F016052904FF0101010101011000;43F016052905FF1001010101010101;43F016052906FF0101010101010100;43F016052907FF0901010526010100;43F016052908FF0101010101010100;43F016052909FF0119010101010101;43F01605290AFF0101010128010100;43F01605290BFF0101010101010100;43F01605290CFF1801010110150100;43F01605290DFF01012A01010C2026;43F01605290EFF0201010101010100;43F01605290FFF192B310121010100;43F016052910FF0101110F01070100;43F016052911FF0101010101010103;43F016052912FF0101010116010100;43F016052913FF16615A1CC50C1000;43F016052914FF0304025C05286700;43F016052915FF131D010110314401;43F016052916FF45170109150E7600;43F016052917FF01010A201B010100;43F016052918FF0101010101012900;43F016052919FF01011E0101140107;43F01605291AFF011A040101010100;43F01605291BFF0101010101010100;43F01605291CFF1501010101051000;43F01605291DFF011D0F481C1E0301;43F01605291EFF0A02050101010100;43F01605291FFF0101010101010100
206,43F01605295BFF0000000101010100;43F01605295CFF0101010101010200;43F01605295DFF1C640805350518C1;43F01605295EFF0101040101010100;43F01605295FFF2303010101040100;43F016053000FF0101010101010100;43F016053001FF0101010101010100;43F016053002FF0104010101010100;43F016053003FF0101010101010100;43F016053004FF010101010F012000;43F016053005FF0101010101010101;43F016053006FF0101010120312300;43F016053007FF26010F0129093500;43F016053008FF0101010107010900;43F016053009FF01010101010A3801;43F01605300AFF01013E0101010100;43F01605300BFF0101010101010100;43F01605300CFF0101010101020100;43F01605300DFF010120010101011B;43F01605300EFF0101030101010100;43F01605300FFF010101013C011600;43F016053010FF0101010101010100;43F016053011FF0101080102010101;43F016053012FF15011D0101010100;43F016053013FF0101013101013100;43F016053014FF011E010101010100;43F016053015FF0101010101010101;43F016053016FF0101560101010100;43F016053017FF1D37100101010100;43F016053018FF4B51050804010600;43F016053019FF0B19232D410F5416;43F01605301AFF0101010101010100;43F01605301BFF0101420101200C00
206,43F01605305EFF0000000001C91B00;43F01605305FFF5416120102880100;43F016053100FF0101010101010100;43F016053101FF01010101010E0E00;43F016053102FF4601010101010100;43F016053103FF0101010138040A00;43F016053104FF0AAB6E0D57050B00;43F016053105FF920101016D470F6A;43F016053106FF01020101011E4F00;43F016053107FF0101010101010E00;43F016053108FF0110012B0E012500;43F016053109FF3701010101010121;43F01605310AFF0101010101011000;43F01605310BFF0101010101010100;43F01605310CFF010101011B011F00;43F01605310DFF390C010101010101;43F01605310EFF0101010101010100;43F01605310FFF0101010101201E00;43F016053110FF1F050101011B0100;43F016053111FF0101010101010101;43F016053112FF0101011302012500;43F016053113FF0101010101010900;43F016053114FF0201010702030800;43F016053115FF01010101590B0101;43F016053116FF170101017D013B00;43F016053117FF0101333B27111100;43F016053118FF0601010117050100;43F016053119FF010B01010101013B;43F01605311AFF0101010101010100;43F01605311BFF0101010101010100;43F01605311CFF0101010101010100;43F01605311DFF0101010101010101;43F01605311EFF0105010101010100
219,43f01605155dff000000000000aa07;43f01605155eff0e010c0101010100;43f01605155fff0101010101016600;43f016051600ff090901011b010100;43f016051601ff341c010101010100;43f016051602ff0101010101010100;43f016051603ff0101010101010100;43f016051604ff0101010101010100;43f016051605ff0108010101100101;43f016051606ff0101010101010100;43f016051607ff0101010101010100;43f016051608ff01010b0d01010100;43f016051609ff011101010d010101;43f01605160aff0101070101010100;43f01605160bff0101010101010100;43f01605160cff0101010901010100;43f01605160dff0101010101010101;43f01605160eff4a0f010101010100;43f01605160fff0101010101010100;43f016051610ff0101070101010100;43f016051611ff0101010101010101;43f016051612ff0101010101010b00;43f016051613ff0601010101010100;43f016051614ff01010701010d0100;43f016051615ff0101010111012001;43f016051616ff011b010101010100;43f016051617ff0101010101090100;43f016051618ff0101010101010100;43f016051619ff0101010101010101;43f01605161affa401010101010100;43f01605161bff0101010101010100;43f01605161cffd4b5a7a171834900;
219,43f016051659ff4a1b1e2d2500b127;43f01605165aff0101010101010100;43f01605165bff0101010101010100;43f01605165cff0101010101010100;43f01605165dff0101010101010101;43f01605165eff0101010807010100;43f01605165fff010b013101310100;43f016051700ff0101011d06010100;43f016051701ff195407010f010100;43f016051702ff010101010a010100;43f016051703ff0101010101010100;43f016051704ff0101010104010100;43f016051705ff0101010101010901;43f016051706ff0101010101010100;43f016051707ff0101030c01010100;43f016051708ff0101100101010100;43f016051709ff0301010101010101;43f01605170aff0101010101010100;43f01605170bff0101010101010100;43f01605170cff0101010101010100;43f01605170dff0101010101030101;43f01605170eff0101010101010100;43f01605170fff0101010101010100;43f016051710ff0101010c01060100;43f016051711ff0101010101010101;43f016051712ff0101010101010100;43f016051713ff0101070101010100;43f016051714ff0101010101070100;43f016051715ff0101010101010101;43f016051716ff0101010106010100;43f016051717ff0101010101010100;43f016051718ff01010101010b0100;43f016051719fff1010c0101010101;43f01605171aff6901010101010100;43f01605171bff0c01010101010100;
219,43f01605175eff00000000001d0900;43f01605175fff0101010101010100;43f016051800ff0101010101010100;43f016051801ff0101010101010100;43f016051802ff0101010101010100;43f016051803ff0101010101010100;43f016051804ff0101022301010100;43f016051805ff0101010101010101;43f016051806ff0101010101010100;43f016051807ff0101010101010100;43f016051808ff0101010101010e00;43f016051809ff0d01010201010101;43f01605180aff0101010122010100;43f01605180bff0101010101010100;43f01605180cff0101010101011a00;43f01605180dff0101010101040101;43f01605180eff0801010101010100;43f01605180fff0105010101040100;43f016051810ff011a010101010100;43f016051811ff3001010101010101;43f016051812ff0101150101280100;43f016051813ff0101020501020100;43f016051814ff0101010101010100;43f016051815ff0101010101010114;43f016051816ff1401010101010100;43f016051817ff01010101011d0100;43f016051818ff0101010101010100;43f016051819ff0101010132010101;43f01605181aff29011d1708010100;43f01605181bff010101017cb50400;
219,43f01605185cffc87e010101010100;43f01605185dff0101010101010101;43f01605185eff0101010101010100;43f01605185fff0107010101011c00;43f016051900ff0101010101030100;43f016051901ff0101010101010100;43f016051902ff0f01010401010100;43f016051903ff0101010101012400;43f016051904ff010101020c010100;43f016051905ff01011d011201010a;43f016051906ff0105010101020100;43f016051907ff01010101010f1800;43f016051908ff09010101080e3d00;43f016051909ff0101010110011601;43f01605190aff0501012001460100;43f01605190bff0101010101010100;43f01605190cff0101010115011100;43f01605190dff0101010119250105;43f01605190eff0a01010f01011a00;43f01605190fff0c01010340010100;43f016051910ff0106010114010100;43f016051911ff010c010101010101;43f016051912ff0101010101140100;43f016051913ff011b010d01110100;43f016051914ff010109011d010100;43f016051915ff0101110127030101;43f016051916ff01010a0111010100;43f016051917ff010101010b013600;43f016051918ff0101010101010100;43f016051919ff010101060b101901;43f01605191aff2f012d01012c0700;43f01605191bff0101010101010100;
219,43f016052111ff010b010102010100;43f016052112ff01a8010101010100;43f016052113ff0101010101010100;43f016052114ff0101010101010100;43f016052115ff0101010101010101;43f016052116ff0101010101010100;43f016052117ff0101010101010100;43f016052118ff0101010101010100;43f016052119ff0101010101010101;43f01605211aff2d01011201010200;43f01605211bff0101010101010200;43f01605211cff0101010101010100;43f01605211dff0f01010101010101;43f01605211eff2201010101010100;43f01605211fff0101014501010100;43f016052120ff010101010a010100;43f016052121ff0101010e426f1201;43f016052122ff0101010101010100;43f016052123ff0101010101010100;43f016052124ff0101010101010100;43f016052125ff0101010c01010101;43f016052126ff0101011201010100;43f016052127ff0e60142f8a2f3d00;43f016052128ff39171841cac40100;
239,43f016052802ff000000000081e800;43f016052803ff2cf4525b01010100;43f016052804ff0701010101140100;43f016052805ff0101010101010100;43f016052806ff01010101361d3b00;43f016052807ff0101012a0a1c0100;43f016052808ff0101010101010800;43f016052809ff0101010101010101;43f01605280aff0101010101011700;43f01605280bff0701010101440100;43f01605280cff0101010124042700;43f01605280dff01010101012b2201;43f01605280eff0101010101010100;43f01605280fff0101010254010100;43f016052810ff2e5a010101010100;43f016052811ff010905261201130a;43f016052812ff01010201011f0700;43f016052813ff0716011501010800;43f016052814ff0101010101010100;43f016052815ff0101010101010101;43f016052816ff01010c01011f0800;43f016052817ff1f010135072a0100;43f016052818ff0901010b14450100;43f016052819ff01010101010b0101;
239,43f016053001ff0000000000000100;43f016053002ff0301010101010100;43f016053003ff0101010101010100;43f016053004ff0101010101010100;43f016053005ff0101011e085d183c;43f016053006ff0101014201010100;43f016053007ff1513050801010100;43f016053008ff0101010101011300;43f016053009ff0101330e0b010101;43f01605300aff1e1a091401010100;43f01605300bff012d010101260100;43f01605300cff011d219501010100;43f01605300dff0101010101010101;43f01605300eff0101012401030700;43f01605300fff0c012f0119010100;43f016053010ff118c0b0101010100;43f016053011ff20011d0101a71901;43f016053012ff0d02040101020100;43f016053013ff0101471401100100;43f016053014ff150101012e011a00;43f016053015ff2601071401010101;43f016053016ff0101010101010100;43f016053017ff0101010101010100;43f016053018ff0101011a01330100;43f016053019ff0a0601013b013101;43f01605301aff5515880101010100;43f01605301bff0101010101010600;43f01605301cff0101010108011700;43f01605301dff5117010109010101;43f01605301eff0102010201010b00;43f01605301fff02040948614d0e00;43f016053020ff0101010101010100;43f016053021ff010101693c18210c;
239,43f016053101ff00000375ee010100;43f016053102ff0101010101150100;43f016053103ff0101010101010100;43f016053104ff0101010101010100;43f016053105ff0101350101010201;43f016053106ff0e0e010101010100;43f016053107ff0101010101012300;43f016053108ff0101010101010100;43f016053109ff0101010101010115;43f01605310aff012617411b010100;43f01605310bff011e010d13670100;43f01605310cff0101010101010100;43f01605310dff0115017702010101;43f01605310eff010101013e1f0800;43f01605310fff0d24010101010100;43f016053110ff0101010101010100;43f016053111ff012a0101014a2301;43f016053112ff01010101011d0100;43f016053113ff01010101011c2700;43f016053114ff0101010101010100;43f016053115ff0101010101010101;43f016053116ff0101010101341100;43f016053117ff0448010101160100;43f016053118ff084c010101011200;43f016053119ff01200118011b0101;43f01605311aff01010101010a6000;43f01605311bff550b010101050100;43f01605311cff01100801012a0100;43f01605311dff1e01010101010101;43f01605311eff04030131bc79c700;43f01605311fff050b010101013400;43f016053120ff0101010101042800;43f016053121ff0114010101010101;43f016053122ff0101010101010100;43f016053123ff3a01291f01010400;
239,43f016060105ff000000090c95a300;43f016060106ff0118050901010100;43f016060107ff1e0f010101010100;43f016060108ff0101010101010100;43f016060109ff0101010101011d01;43f01606010aff2c44090114030100;43f01606010bff2001010101010100;43f01606010cff0106012212010100;43f01606010dff0101010101080122;43f01606010eff01210b0101010100;43f01606010fff0101012a1b2f0100;43f016060110ff4301014201010100;43f016060111ff0101010101014a01;43f016060112ff0138201203013200;43f016060113ff1687010101010100;43f016060114ff0110010101010100;43f016060115ff0101010101010103;43f016060116ff45080101150d3300;43f016060117ff5001010101400100;43f016060118ff01282c15310d0100;43f016060119ff0140010c01010101;43f01606011aff0101010101011800;43f01606011bff1001010101010100;43f01606011cff0141037401010d00;43f01606011dff2c01010101010119;43f01606011eff0101010101010100;43f01606011fff01010101018a0100;43f016060120ff1d22010101017900;
239,43f016060200ff00b9e2490b010100;43f016060201ff2601170101010100;43f016060202ff0101010101010100;43f016060203ff0101010102010100;43f016060204ff0123012917010100;43f016060205ff010f011907023c01;43f016060206ff0101010101010100;43f016060207ff0101010101010100;43f016060208ff0101012901281a00;43f016060209ff12210104012d1d01;43f01606020aff0101010101011600;43f01606020bff390701032c010100;43f01606020cff0104010101010300;43f01606020dff0101010101010139;43f01606020eff0101010101010100;43f01606020fff0101010101010100;43f016060210ff0101050b010c0500;43f016060211ff0105030106012101;43f016060212ff0101010c0e023c00;43f016060213ff0101010101090100;43f016060214ff0128012a01010100;43f016060215ff010101041e070101;43f016060216ff0501010101623300;43f016060217ff1c020119ca0f0100;43f016060218ff0101019401010100;43f016060219ff1c2a010101010101;43f01606021aff0101010101010100;43f01606021bff2801010101010100;43f01606021cff012e0113014c2a00;43f01606021dff0103010101010101;43f01606021eff1c01010101012f00;43f01606021fff0c01010101011b00;43f016060220ff01010101010f0100;43f016060221ff011d150118010101;43f016060222ff0101010101011f00;
245,43f016052805ff0000000000013300;43f016052806ff0702010101010100;43f016052807ff0101010101010100;43f016052808ff0101010101010100;43f016052809ff0435010101010198;43f01605280aff0101010101010100;43f01605280bff2e01010101010100;43f01605280cff1601010113010100;43f01605280dff0101010101010801;43f01605280eff3601010101010100;43f01605280fff0101010101010100;43f016052810ff0101010143370100;43f016052811ff0101010101010101;43f016052812ff010110010f010100;43f016052813ff0101010101010100;43f016052814ff4601016cc3010100;43f016052815ff0101010101010101;43f016052816ff0101010101010100;43f016052817ff0101010101010100;43f016052818ff0101010126010100;43f016052819ff0101010101010101;43f01605281aff0101012c01010100;43f01605281bff0901010101010100;43f01605281cff1601010501010100;43f01605281dff0101010101010101;43f01605281eff010101011c010100;43f01605281fff0101010101011700;43f016052820ff0101010101010100;43f016052821ff0101010101240101;
245,43f016052905ff00dda31701010100;43f016052906ff0101010101010100;43f016052907ff0101010101010100;43f016052908ff0101010101010100;43f016052909ff0135013f01010101;43f01605290aff0101010101010100;43f01605290bff010a010153010100;43f01605290cff0101012401010100;43f01605290dff0101010103010101;43f01605290eff01011d0107010100;43f01605290fff4401010101010100;43f016052910ff0132010101010100;43f016052911ff0101010101011301;43f016052912ff01011b0101010100;43f016052913ff01010d01012d0100;43f016052914ff0101010101010300;43f016052915ff08050e1e01010101;43f016052916ff0101010101011e00;43f016052917ff8501010701010100;43f016052918ff0301010101030100;43f016052919ff0138010101010101;43f01605291aff5301010101010100;43f01605291bff0101010101010100;43f01605291cff0101010101010100;43f01605291dff0101010101010101;43f01605291eff0101010101010100;43f01605291fff0101010101010100;43f016052920ff1801010171010100;43f016052921ff0101010101010101;43f016052922ff01014c01292b0100;43f016052923ff44012701016b4200;43f016052924ff681e54506f321b00;
245,43f01605295eff0000000000001300;43f01605295fff0a5336b0c72dca00;43f016053000ff17101c018e6a3900;43f016053001ff39c89f01011e0100;43f016053002ff0101010101010d00;43f016053003ff1406080101050100;43f016053004ff0101010101010100;43f016053005ff6a01010101010101;43f016053006ff0101010101010100;43f016053007ff0201010101010100;43f016053008ff0101010101010100;43f016053009ff0101010101010101;43f01605300aff0101010141010500;43f01605300bff01010101013d0100;43f01605300cff0501010101070100;43f01605300dff0101010101010101;43f01605300eff0101010101010100;43f01605300fff0101010101010100;43f016053010ffb901010101010100;43f016053011ff0101010101010105;43f016053012ff0101016601010100;43f016053013ff0101010101010100;43f016053014ff010101011a010100;43f016053015ff0132010101010101;43f016053016ff0101012501cb1300;
245,43f01605305cff0000000000756d00;43f01605305dff27090101503b3501;43f01605305effde90041501020101;43f01605305fff0101010101010100;43f016053100ff0101010101010100;43f016053101ff0101010101010100;43f016053102ff0101010101010500;43f016053103ff0101011401010100;43f016053104ff0101010120010100;43f016053105ff0101010101010129;43f016053106ff0101010113250100;43f016053107ff012a2a0101010100;43f016053108ff01013c0101010100;43f016053109ff0101010101010101;43f01605310aff0101010101010100;43f01605310bff0101010101010100;43f01605310cff01010c014a010100;43f01605310dff0101010101010101;43f01605310eff0101070101010100;43f01605310fff0101010101010100;43f016053110ff0101100101010100;43f016053111ff01010f0125010101;43f016053112ff0101010101080100;43f016053113ff0101370101010100;43f016053114ff0101010101010100;43f016053115ff0101010101010101;
245,43f016053158ff00000000331f1900;43f016053159ff018830160ca4245b;43f01605315aff2303521a06220900;43f01605315bff43040244451dd700;43f01605315cff52442d200906ac00;43f01605315dff654101010101013d;43f01605315eff0101010101010100;43f01605315fff0101010101010100;43f016060100ff3501010103010100;43f016060101ff0101010101011100;43f016060102ff6101011901010200;43f016060103ff0101010101010100;43f016060104ff010101013c010100;43f016060105ff1b01060129070101;43f016060106ff010e010101010100;43f016060107ff0c01010101010100;43f016060108ff2201010101010100;43f016060109ff0101010101010101;43f01606010aff0101010101010100;43f01606010bff0101010101010100;43f01606010cff2c01010101010100;43f01606010dff0101090101010101;43f01606010eff2701010101010100;43f01606010fff0101100101010100;43f016060110ff1201011f01010100;43f016060111ff0101010101150101;43f016060112ff0101010101012a00;43f016060113ff1c01010101010100;43f016060114ff0101010101010100;43f016060115ff010109011d010101;43f016060116ff0101010101010100;43f016060117ff0101010101011000;43f016060118ff3e07010101017f00;43f016060119ff9001010101011d01;43f01606011aff011d010101010100;43f01606011bff01011b1712010100;
248,43f016051803ff0000000002010900;43f016051804ff01010c0401010400;43f016051805ff0106010101010100;43f016051806ff0102010101010100;43f016051807ff010155061c012400;43f016051808ff032d571b01010100;43f016051809ff0101010301010101;43f01605180aff0101010101010100;43f01605180bff0101010101010100;43f01605180cff010163011a420100;43f01605180dffad44240101280101;43f01605180eff343b19064b140200;43f01605180fff0101010101010100;43f016051810ff2409010401061000;43f016051811ff0101160101010101;43f016051812ff0101010801010100;43f016051813ff0101010118010100;43f016051814ff03010d0101040300;43f016051815ff01010c0117830101;43f016051816ff5817010101010100;43f016051817ff0101012701010100;43f016051818ff0101010101010100;43f016051819ff0101010101010101;43f01605181aff1d11010101010100;
248,43f01605230eff0201010101010100;43f01605230fff0101010101010100;43f016052310ff0101010101010100;43f016052311ff0101010101010100;43f016052312ff01010c01010a0100;43f016052313ff0101012801010100;43f016052314ff01013101011c0100;43f016052315ff014b011001010801;43f016052316ff3e01010101010100;43f016052317ff0101010101010100;43f016052318ff0101010101010100;43f016052319ff1d010101011e011d;43f01605231aff0101160f01010100;43f01605231bff0111060101010100;43f01605231cff011c010101010100;43f01605231dff01010101014b0101;43f01605231eff0109010101040100;43f01605231fff0101011101010100;43f016052320ff0101010101010100;43f016052321ff0101010101010101;43f016052322ff0101010101110f00;43f016052323ff0101010120010100;43f016052324ff0101010101010100;43f016052325ff0101010127262401;
248,43f016052602ff0000030101010100;43f016052603ff0101010101010100;43f016052604ff0101010101015900;43f016052605ff061b413d01010100;43f016052606ff0101010101010100;43f016052607ff0101010101010100;43f016052608ff0101160109010200;43f016052609ff0101010101010a01;43f01605260aff1d13010101010100;43f01605260bff01011a1d2d010700;43f01605260cff0101010101070100;43f01605260dff0e2b010101010109;43f01605260eff0101010101010100;43f01605260fff0101010101010100;43f016052610ff0901010101010100;43f016052611ff0101010101010101;43f016052612ff01010101011d0400;43f016052613ff0101015501011000;43f016052614ff0101530101010100;43f016052615ff0105210201010101;43f016052616ff1f11010101010100;43f016052617ff0101010101010100;43f016052618ff0101010101010100;43f016052619ff230103011a010101;43f01605261aff0403010106010400;
248,43f016052811ff0000000000010600;43f016052812ff0c3b010101014200;43f016052813ff02010103050f0b00;43f016052814ff0101130601050300;43f016052815ff0306050d01010d14;43f016052816ff1404010101010100;43f016052817ff0101052b32aab300;43f016052818ff5f01010101011400;43f016052819ff2101012d01010101;43f01605281aff0f32010101043600;43f01605281bff0101010101010100;43f01605281cff0101010c01010100;43f01605281dff011f10010d011301;43f01605281eff0101010101052800;43f01605281fff0101080101010100;43f016052820ff0101010101010600;43f016052821ff0101010101010101;43f016052822ff01011c1801010100;43f016052823ff01011301010a0100;43f016052824ff01010101010e0100;43f016052825ff0801010101010101;43f016052826ff0101010101010100;43f016052827ff0101010101080100;43f016052828ff0101010101010100;43f016052829ff0117010101010101;43f01605282aff0c07010101010100;43f01605282bff0101010101010100;43f01605282cff0e01010101010100;43f01605282dff0101010101010101;43f01605282eff0101010101170100;43f01605282fff2501010101011800;
248,43f016053100ff0000000308040100;43f016053101ff0107010101010100;43f016053102ff0101012604012a00;43f016053103ff070205250b0a1a00;43f016053104ff0101010101010100;43f016053105ff0101010101010101;43f016053106ff0101010101010100;43f016053107ff0101010101010100;43f016053108ff0110171001141100;43f016053109ff0e01010101010101;43f01605310aff0101010121380100;43f01605310bff0101010101010100;43f01605310cff0101010101010100;43f01605310dff0101011f011c0101;43f01605310eff011b010505010100;43f01605310fff01010101011b0100;43f016053110ff0101010101010100;43f016053111ff0101010101010101;43f016053112ff01010101011d2600;43f016053113ff0116013a09010100;43f016053114ff01032f0101010100;43f016053115ff0101301201010101;43f016053116ff4c0101040c011400;43f016053117ff0101010101010c00;43f016053118ff2201010101010100;
264,43f01605275bff0011370c05010200;43f01605275cff06151e33253b0100;43f01605275dff010817030a010101;43f01605275eff0101010101010100;43f01605275fff0101010101010100;43f016052800ff0101010101010100;43f016052801ff0101011301010100;43f016052802ff0101190701010100;43f016052803ff0101010101010100;43f016052804ff0101010101010100;43f016052805ff0101010101011b01;43f016052806ff0101010101010100;43f016052807ff0101010120010100;43f016052808ff0101010406010100;43f016052809ff0101010101051036;43f01605280aff0101010101010100;43f01605280bff0101010101010100;43f01605280cff0101010101010100;43f01605280dff0101010101010106;43f01605280eff0101080f01120100;43f01605280fff0101010101050100;43f016052810ff3c012e0109010100;43f016052811ff0101010101010101;43f016052812ff0c01010101010100;43f016052813ff0101010101010100;43f016052814ff01012c0101010100;43f016052815ff0101010101010108;43f016052816ff313c4d293f204e00;43f016052817ff020394033c016300;43f016052818ff3aa8010101010100;43f016052819ff0101010101941e46;43f01605281aff725b010101560100;43f01605281bff0301060606010100;43f01605281cff0301010101010100;43f01605281dff0101010101010150;43f01605281eff01121d1f01010100;43f01605281fff0101010101010100;43f016052820ff010a0c0101010100;43f016052821ff59130aaf7ca99501;43f016052822fff60a0e0101010100;
264,43f01605295eff002d010101010100;43f01605295fff01010103040a0100;43f016053000ff0101010101010100;43f016053001ff01011b0101010100;43f016053002ff0101010101010100;43f016053003ff0101010101010100;43f016053004ff0101010101010100;43f016053005ff0101010101010101;43f016053006ff0101010a01662f00;43f016053007ff01014921ec120100;43f016053008ff0101010101010100;43f016053009ff0101011202010b01;43f01605300aff0101010101010100;43f01605300bff0101010101010100;43f01605300cff0101010616010100;43f01605300dff0101010101013c01;43f01605300eff0101010101290100;43f01605300fff01011b1501150100;43f016053010ff0101010101010600;43f016053011ff3b01010101010101;43f016053012ff0101010101010100;43f016053013ff0101010101090100;43f016053014ff010101010101f800;43f016053015ff0101010344530101;43f016053016ff0101010301010100;43f016053017ff0101010101010100;43f016053018ff0101011201060100;43f016053019ff0101010101010107;43f01605301aff30010101017c9100;43f01605301bff8c40c10101011800;43f01605301cff017b400101014c00;43f01605301dff0801010101010117;43f01605301eff0101150201060100;43f01605301fff0101110101010100;43f016053020ff010701010b360100;
264,43f016053059ff580c010101010101;43f01605305aff0101010101010100;43f01605305bff0101010101010100;43f01605305cff0101010101010100;43f01605305dff010d010601051201;43f01605305eff0101010101143b00;43f01605305fff0101140101010100;43f016053100ff0101010101010100;43f016053101ff0101081401010100;43f016053102ff0109231d0f240100;43f016053103ff0101010133010f00;43f016053104ff0101010111180100;43f016053105ff0101010101010101;43f016053106ff0101010101010100;43f016053107ff0101010101010100;43f016053108ff0101010101010800;43f016053109ff0b17070101010101;43f01605310aff0101010101010100;43f01605310bff0101010501010100;43f01605310cff01011a1a01280100;43f01605310dff0101010101010101;43f01605310eff0701080801010100;43f01605310fff01010101014e0100;43f016053110ff0101010101010100;43f016053111ff0101010101010101;43f016053112ff0101010101420100;43f016053113ff0101010101010c00;43f016053114ffd445da5ffe850800;43f016053115ffab01010101010701;43f016053116ff0101010101010100;43f016053117ff01010f0101070200;43f016053118ff8f19010101010100;
264,43f01605315dff0101000000490101;43f01605315eff0101010101010d00;43f01605315fff0101010101010100;43f016060100ff0101010101010100;43f016060101ff0101012a01010100;43f016060102ff043d010102010100;43f016060103ff0101016203010100;43f016060104ff0101010101010300;43f016060105ff0101010101010101;43f016060106ff0101010101010100;43f016060107ff0101010101147400;43f016060108ff0d18010101010100;43f016060109ff01011c1e090a0101;43f01606010aff0101010101230100;43f01606010bff0101010101010100;43f01606010cff0101010101010100;43f01606010dff01010f0101010101;43f01606010eff0101010101010100;43f01606010fff0101010101010100;43f016060110ff01010101011d0100;43f016060111ff0101010101010101;43f016060112ff0101010101010100;43f016060113ff0101010101010100;43f016060114ff0101010101030100;43f016060115ff271e015c1c012101;43f016060116ff0101010824153900;43f016060117ff0101019402010100;
264,43f016060202ff0000000001062500;43f016060203ff0101010101070100;43f016060204ff0101010103010100;43f016060205ff0101010101010100;43f016060206ff0101010101010100;43f016060207ff0101010101010100;43f016060208ff010101011a010100;43f016060209ff014820010d010101;43f01606020aff1302010101014300;43f01606020bff0101010101010100;43f01606020cff0101010101010100;43f01606020dff0101010101010101;43f01606020eff0101010101322a00;43f01606020fff3301010101020100;43f016060210ff0101010101010100;43f016060211ff1201010101010101;43f016060212ff0101010101010100;43f016060213ff0101010101010100;43f016060214ff0101010101515e00;43f016060215ff460f4d620601d201;43f016060216ff3c01030109035e00;43f016060217ff1801180901010100;43f016060218ff4f22010101010100;43f016060219ff010101010101010e;43f01606021aff0101010101010100;43f01606021bff0101010101010100;43f01606021cff0101010101180100;43f01606021dff0101010101010101;43f01606021eff0101010101210100;
280,43f01605195aff0000000000009100;43f01605195bff0101010101010100;43f01605195cff0101010101010100;43f01605195dff0101010101010101;43f01605195eff0101010101080100;43f01605195fff01011d0801010100;43f016052000ff0101440101010100;43f016052001ff0510010101010100;43f016052002ff0101010101010100;43f016052003ff0c01010101010100;43f016052004ff0115010101010100;43f016052005ff0101011601010101;43f016052006ff0130121101010100;43f016052007ff011a010101010100;43f016052008ff01010101012d0100;43f016052009ff010e01171301010a;43f01605200aff010101080b082200;43f01605200bff0101010101080100;43f01605200cff0101010101060100;43f01605200dff1519010701040101;43f01605200eff0101010101010100;43f01605200fff0101010101010a00;43f016052010ff0701010101010100;43f016052011ff01410101010b0147;43f016052012ff01012d0101010100;43f016052013ff0101030107010100;43f016052014ff0101010129010100;43f016052015ff0f01170101010101;43f016052016ff0108011001010100;43f016052017ff010b100d01090100;
280,43f01605215eff0000000000000a00;43f01605215fff5a100b1f010f0100;43f016052200ff0101010101010100;43f016052201ff0101010101011200;43f016052202ff0101010901010100;43f016052203ff01010101010d0100;43f016052204ff2e20180101010100;43f016052205ff0115030101150801;43f016052206ff0101010f01010100;43f016052207ff0101010101010100;43f016052208ff0101010115010100;43f016052209ff0101010101010112;43f01605220aff0101310101010100;43f01605220bff0101011701010100;43f01605220cff1a01010116040100;43f01605220dff0101010101010101;43f01605220eff0601010116010100;43f01605220fff2901010117090100;43f016052210ff0101010101010100;43f016052211ff1f01010101010103;43f016052212ff0101070b01010100;43f016052213ff2101180101010100;43f016052214ff07011d0101040100;43f016052215ff10010101012f0101;43f016052216ff3101010101010100;43f016052217ff0101010101010400;43f016052218ff0101011001010100;43f016052219ff0101011801011001;43f01605221aff010108210f011c00;43f01605221bff01010b0112010100;43f01605221cff0101010b01010100;43f01605221dff011e010101011901;43f01605221eff0101010101010100;
280,43f01605245bff0000001e5f0a0100;43f01605245cff0101010101010100;43f01605245dff0101010101011500;43f01605245eff0101202601070100;43f01605245fff05010101010a1000;43f016052500ff0b01010701080200;43f016052501ff0101010122130100;43f016052502ff0101090101011000;43f016052503ff0201010101010100;43f016052504ff0c01011101010100;43f016052505ff01010101011e0101;43f016052506ff0101190101010300;43f016052507ff1301010101010a00;43f016052508ff0115010101010100;43f016052509ff0101010101010101;43f01605250aff0101012101010100;43f01605250bff0101010101010100;43f01605250cff01010d0401310100;43f01605250dff01010143010f0101;43f01605250eff8201010108030100;43f01605250fff1801010101010100;43f016052510ff0101010101010100;43f016052511ff0f010101010c0101;43f016052512ff1d01010101010100;43f016052513ff0101010c01011900;43f016052514ff011e010101010100;43f016052515ff01191201010f0201;43f016052516ff1218010101010100;43f016052517ff0101010101173700;43f016052518ffd67b1e04015c1000;
280,43f01605255dff6781dfb80f010101;43f01605255eff0119010101010700;43f01605255fff0101010101010100;43f016052600ff0101010101290100;43f016052601ff0101011001010100;43f016052602ff140101020f010100;43f016052603ff011c010901130100;43f016052604ff01010101010a0100;43f016052605ff1f010101010a0101;43f016052606ff0101010101370400;43f016052607ff0131010e01310100;43f016052608ff220a01010a0e0100;43f016052609ff01011e010b0b0111;43f01605260aff01011201010b1900;43f01605260bff0101120301010100;43f01605260cff0101010101010100;43f01605260dff0101010101100139;43f01605260eff0101080f01010100;43f01605260fff011406011a010100;43f016052610ff0101010101010f00;43f016052611ff0d0101062a010101;43f016052612ff011b180502010d00;43f016052613ff0601190101010100;43f016052614ff0e01010101010100;43f016052615ff0101010101150101;43f016052616ff0101011a01010d00;43f016052617ff0601030101130100;
280,43f016052803ff00760101013e0100;43f016052804ff0119010101010100;43f016052805ff0101010101010100;43f016052806ff0101010101010100;43f016052807ff0101010101010100;43f016052808ff0101010101010d00;43f016052809ff020105010101011b;43f01605280aff0101160101010100;43f01605280bff0101010101010e00;43f01605280cff010101010e190100;43f01605280dff01011a0801011501;43f01605280eff0101010101010100;43f01605280fff0101010101102100;43f016052810ff0201010101011c00;43f016052811ff0122230101010109;43f016052812ff0112010111011c00;43f016052813ff0101022701010100;43f016052814ff0101010101010100;43f016052815ff0101010101010101;43f016052816ff1001290101161100;43f016052817ff0101010127010100;43f016052818ff0101090101010100;43f016052819ff014c150101140f01;43f01605281aff01010101011a1800;43f01605281bff010101010b111500;43f01605281cff0101010118010c00;43f01605281dff0801100101010101;43f01605281eff0101010101010100;43f01605281fff010112010a0c0100;43f016052820ff1c0201010d0c0100;
290,43f016052859ff161b010101010101;43f01605285aff0101010101010100;43f01605285bff0101010101010100;43f01605285cff0101010101010100;43f01605285dff0101010101010101;43f01605285eff0101010101010100;43f01605285fff0101010101010100;43f016052900ff0101010101010100;43f016052901ff0101010101010100;43f016052902ff0101010101010100;43f016052903ff0101010101010100;43f016052904ff0101010101010100;43f016052905ff0101010101010101;43f016052906ff0101010101010100;43f016052907ff0101010101010100;43f016052908ff0101010101010100;43f016052909ff0101010101010101;43f01605290aff0101010101010100;43f01605290bff0101010101010100;43f01605290cff0101010101010100;43f01605290dff0101010101010101;43f01605290eff0101010101010100;43f01605290fff0101010101010100;43f016052910ff0101010101010100;43f016052911ff0101010101010101;43f016052912ff0101010101010100;43f016052913ff0101010101010100;43f016052914ff0101010101010100;43f016052915ff0101010101010101;43f016052916ff0101010101010100;43f016052917ff0101010101010100;
290,43f01605295aff0101010101010100;43f01605295bff0101010101010100;43f01605295cff0101010101010100;43f01605295dff0101010101010101;43f01605295eff0101010101010100;43f01605295fff0101010101010100;43f016053000ff0101010101010100;43f016053001ff0101010101010100;43f016053002ff0101010101010100;43f016053003ff0101010101010100;43f016053004ff0101010101010100;43f016053005ff0101010101010101;43f016053006ff0101010101010100;43f016053007ff0101010101010100;43f016053008ff0101010101010100;43f016053009ff0101010101010101;43f01605300aff0101010101010100;43f01605300bff0101010101010100;43f01605300cff0101010101010100;43f01605300dff0101010101010101;43f01605300eff0101010101010100;43f01605300fff0101010101010100;43f016053010ff0101010101010100;43f016053011ff0101010101010101;43f016053012ff0101010101010100;43f016053013ff0101010101010100;43f016053014ff0101010101010100;43f016053015ff0101010101010101;43f016053016ff0101010101010100;43f016053017ff0101010101010100;43f016053018ff0101010101010100;43f016053019ff0101010101010101;43f01605301aff1701010101010100;
290,43f01605305cff0101010101010100;43f01605305dff0101010101010101;43f01605305eff0101010101010101;43f01605305fff0101010101010100;43f016053100ff0101010101010100;43f016053101ff0101010101010100;43f016053102ff0101010101010100;43f016053103ff0101010101010100;43f016053104ff0101010101010100;43f016053105ff0101010101010101;43f016053106ff0101010101010100;43f016053107ff0101010101010100;43f016053108ff0101010101010100;43f016053109ff0101010101010101;43f01605310aff0101010101010100;43f01605310bff0101010101010100;43f01605310cff0101010101010100;43f01605310dff0101010101010101;43f01605310eff0101010101010100;43f01605310fff0101010101010100;43f016053110ff0101010101010100;43f016053111ff0101010101010101;43f016053112ff0101010101010100;43f016053113ff0101010101010100;43f016053114ff0101010101010100;43f016053115ff0101010101010101;43f016053116ff0101010101010100;43f016053117ff0101010101010100;43f016053118ff0101010101010100;43f016053119ff0101010101010101;
290,43f01605315bff0000000018010100;43f01605315cff0101010101010100;43f01605315dff0101010101010101;43f01605315eff0101010101010100;43f01605315fff0101010101010100;43f016060100ff0101010101010100;43f016060101ff0101010101010100;43f016060102ff0101010101010100;43f016060103ff0101010101010100;43f016060104ff0101010101010100;43f016060105ff0101010101010101;43f016060106ff0101010101010100;43f016060107ff0101010101010100;43f016060108ff0101010101010100;43f016060109ff0101010101010101;43f01606010aff0101010101010100;43f01606010bff0101010101010100;43f01606010cff0101010101010100;43f01606010dff0101010101010101;43f01606010eff0101010101010100;43f01606010fff0101010101010100;43f016060110ff0101010101010100;43f016060111ff0101010101010101;43f016060112ff0101010101010100;43f016060113ff0101010101010100;43f016060114ff0101010101010100;43f016060115ff0101010101010101;43f016060116ff0101010101010100;43f016060117ff0101010101010100;43f016060118ff0101010101010a00;
290,43f01606015eff0000000000010100;43f01606015fff0101010101010100;43f016060200ff0101010101010100;43f016060201ff0101010101010100;43f016060202ff0101010101010100;43f016060203ff0101010101010100;43f016060204ff0101010101010100;43f016060205ff0101010101010101;43f016060206ff0101010101010100;43f016060207ff0101010101010100;43f016060208ff0101010101010100;43f016060209ff0101010101010101;43f01606020aff0101010101010100;43f01606020bff0101010101010100;43f01606020cff0101010101010100;43f01606020dff0101010101010101;43f01606020eff0101010101010100;43f01606020fff0101010101010100;43f016060210ff0101010101010100;43f016060211ff0101010101010101;43f016060212ff0101010101010100;43f016060213ff0101010101010100;43f016060214ff0101010101010100;43f016060215ff0101010101010101;43f016060216ff0101010101010100;43f016060217ff0101010101010100;43f016060218ff0101010101010100;43f016060219ff0101010101010101;43f01606021aff2101010101010100;43f01606021bff0101010101010100;
297,43F01605245FFF0000000000308D00;43F016052500FF3A06010152010100;43F016052501FF0101013B01010100;43F016052502FF01011F0B23010100;43F016052503FF0101033201010100;43F016052504FF0101010101010100;43F016052505FF010102261A280101;43F016052506FF0101060D0E010100;43F016052507FF0101010101010100;43F016052508FF0114010101010100;43F016052509FF2C010101695E0105;43F01605250AFF6ED8060101010100;43F01605250BFF0101236215030C00;43F01605250CFF0101011001010100;43F01605250DFF5401250101010101;43F01605250EFF0101010124300A00;43F01605250FFF0101010101010100;43F016052510FF221D091025010D00;43F016052511FF013E010101010101;43F016052512FFB05E94EB5F010100;43F016052513FF010101015A570100;43F016052514FF0101010101010100;43F016052515FF011B271701010101;43F016052516FF0101013701010100;43F016052517FF0101010101010100;43F016052518FF01F20301010D2400;43F016052519FF0110010A0839010D;43F01605251AFF010128381B2C0100;43F01605251BFFCA301D0141308700
297,43F016052603FF0002050101010100;43F016052604FF010D088873010100;43F016052605FF01012F0101010100;43F016052606FF0101010101010100;43F016052607FF0101010101010100;43F016052608FF0104060101014800;43F016052609FF0C03330101010101;43F01605260AFF0113010112040100;43F01605260BFF01019A1907010100;43F01605260CFF16010101010F0100;43F01605260DFF0101010101010101;43F01605260EFF0101010C01230100;43F01605260FFF0101010101010100;43F016052610FF0101010101010100;43F016052611FF01010101013D2301;43F016052612FF0611070D07061400;43F016052613FF0B010101012B0100;43F016052614FF0101010101180700;43F016052615FF0101010101010211;43F016052616FF01010101010E5300;43F016052617FF0101010101010100;43F016052618FF01DE0101281D0100;43F016052619FF0601020101010101;43F01605261AFF0101010101450100;43F01605261BFF0F4B91D345DD2B00
297,43F016052901FF0000000000004100;43F016052902FF1DA2010101010100;43F016052903FF01014E373C570100;43F016052904FF0101010101010100;43F016052905FF01010101460187BE;43F016052906FF0101011101014600;43F016052907FF0101010105010100;43F016052908FF0101010101304300;43F016052909FF010101010101012C;43F01605290AFF0101010101011200;43F01605290BFF041D1B0101012F00;43F01605290CFF0104010319010100;43F01605290DFF480C050403010C01;43F01605290EFF0173DE2401010100;43F01605290FFF0101010101010100;43F016052910FF0101010101010100;43F016052911FF0101010101010104;43F016052912FF010101013F010100;43F016052913FF0101160119012F00;43F016052914FF01017C0101010100;43F016052915FF0101010101200B01;43F016052916FF0101010101013100;43F016052917FF0101010101010100;43F016052918FF0101010130010100;43F016052919FF0101010101051B17;43F01605291AFF0101010101310100;43F01605291BFF010101010E41CE00;43F01605291CFF2C2D17015DB3C400;43F01605291DFF948611E75E2C2A01
297,43F016053004FFA07E0101160C0100;43F016053005FF0101011C01050200;43F016053006FF0B01010601520100;43F016053007FF0303010101010300;43F016053008FF0101010101183A00;43F016053009FF0101010101670F01;43F01605300AFF051B01013C500100;43F01605300BFF0101012401010100;43F01605300CFF0101290125010100;43F01605300DFF01020D0101010101;43F01605300EFF0101010101936E00;43F01605300FFF01010101013D4500;43F016053010FF0901010101010100;43F016053011FF0101010901010101;43F016053012FF0137080101210C00;43F016053013FF240A010101010D00;43F016053014FF0801010107010100;43F016053015FF0101010101010102;43F016053016FF0101010101010100;43F016053017FF01011201013F0100;43F016053018FF0101010123010100;43F016053019FF0101012A01010101;43F01605301AFF0101010101390B00;43F01605301BFF241552993D091C00
297,43F01605315DFF08010E1001010100;43F01605315EFF010101163B090E00;43F01605315FFF2101010506010100;43F016060100FF010101010E010100;43F016060101FF0101010101010100;43F016060102FF0101010123222500;43F016060103FF0101010101010100;43F016060104FF0101010101010100
324,43F01605275BFF5C125C0101010100;43F01605275CFF0101050C01010100;43F01605275DFF020101010101011F;43F01605275EFF0101010101010100;43F01605275FFF01010101130C0100;43F016052800FF010A010101010F00;43F016052801FF0401010101010100;43F016052802FF0901010101010100;43F016052803FF0101010101010100;43F016052804FF011B010101010500;43F016052805FF0132010101050115;43F016052806FF0101020101010100;43F016052807FF0611010101010100;43F016052808FF0101010101010100;43F016052809FF0101010101010101;43F01605280AFF0101010101013200;43F01605280BFF1101010901010100;43F01605280CFF1101030101030100;43F01605280DFF010101012A010101;43F01605280EFF0101010112010100;43F01605280FFF0101010101010100;43F016052810FF0101010C01243D00;43F016052811FF9D04010101011D01;43F016052812FF0101010101010100;43F016052813FF0101281002011200;43F016052814FF0101010101350100;43F016052815FF0C0107010901010B;43F016052816FF0101011401010100;43F016052817FF0101010603010100;43F016052818FF1D010A0101012600;43F016052819FF0101010101010101;43F01605281AFF0101010101010100;43F01605281BFF01010101010E0100;43F01605281CFF0101010101010100;43F01605281DFF010D0101010B0101
324,43F01605285CFF00000000007B0700;43F01605285DFF5627070120101718;43F01605285EFF0A24010103090100;43F01605285FFF2223010101010100;43F016052900FF0101010101010100;43F016052901FF0101016E46360100;43F016052902FF2601010203010100;43F016052903FF2B01012C01015500;43F016052904FF1705032A070D1700;43F016052905FF0101011926010701;43F016052906FF151E010F010C2400;43F016052907FF010A011C04030100;43F016052908FF0101152901051600;43F016052909FF0101010101010101;43F01605290AFF0102011E19211A00;43F01605290BFF0101012B01010C00;43F01605290CFF0101010101010100;43F01605290DFF0101010101030101;43F01605290EFF1001010101150A00;43F01605290FFF0D07120101010100;43F016052910FF0101010101010100;43F016052911FF01010101010C0101;43F016052912FF01011301010C0600;43F016052913FF0101010101010100;43F016052914FF0101170101010100;43F016052915FF0101012A20010106;43F016052916FF0101010101010100;43F016052917FF0107010101010100;43F016052918FF01010101010F0100;43F016052919FF0101010101010101;43F01605291AFF0101063701010C00;43F01605291BFF3B07170123130300;43F01605291CFF011678BD050F1400;43F01605291DFF0A18271A0F131801
324,43F01605295EFF1901010101010100;43F01605295FFF0101410101010100;43F016053000FF0101010112010100;43F016053001FF0101010101010100;43F016053002FF0101010101010100;43F016053003FF0101010101010100;43F016053004FF0101010101010100;43F016053005FF010101010E011B01;43F016053006FF2703010101010100;43F016053007FF0101010101010100;43F016053008FF0101010101010100;43F016053009FF01010101012B0101;43F01605300AFF080101010F1D0100;43F01605300BFF0101010D01010100;43F01605300CFF0114290101010100;43F01605300DFF0101010101010101;43F01605300EFF0101010101010100;43F01605300FFF0101010101010100;43F016053010FF0101010122290100;43F016053011FF011701011A010301;43F016053012FF0101030101030100;43F016053013FF0301010101230100;43F016053014FF0101010101010100;43F016053015FF1C010114011C0102;43F016053016FF010101010E010100;43F016053017FF0101010101170700;43F016053018FF0101010101010100;43F016053019FF01270101B3F14E01;43F01605301AFF9B01010401010100;43F01605301BFF1B25010C01010100;43F01605301CFF0615010701015500;43F01605301DFF1708090D0F31017C;43F01605301EFF190101030920C800
324,43F01605305DFF000000000000000F;43F01605305EFF26611F334B010113;43F01605305FFF0101361B011A0100;43F016053100FF0101010101010100;43F016053101FF010101010D010100;43F016053102FF0101081301010700;43F016053103FF1001010401010100;43F016053104FF0101011601050400;43F016053105FF0101070B010F0A01;43F016053106FF09020108011B0100;43F016053107FF01170101010F0100;43F016053108FF011F010101010100;43F016053109FF0101010101010101;43F01605310AFF0101010101010100;43F01605310BFF0E010101060D0300;43F01605310CFF0101150101010100;43F01605310DFF0101150701010101;43F01605310EFF01011C0121010100;43F01605310FFF0101010101011600;43F016053110FF1D01010101010100;43F016053111FF0101010101010101;43F016053112FF0101010101010100;43F016053113FF2015010101011B00;43F016053114FF0118012001140100;43F016053115FF62BB160101170101;43F016053116FF01010101040E0300;43F016053117FF0601011301010200;43F016053118FF0101133201010100;43F016053119FF010B01010101013C;43F01605311AFF010101010E1C0700;43F01605311BFF010C010101041800;43F01605311CFF0301010B010A1C00;43F01605311DFF01011C02300A4301
324,43F016060201FF00531BC8126B0100;43F016060202FF3049060213360100;43F016060203FF0101010101010100;43F016060204FF0101010101010100;43F016060205FF0101010101010133;43F016060206FF1D01010101090100;43F016060207FF0101010101010100;43F016060208FF0101010101010100;43F016060209FF0101010101010105;43F01606020AFF0101010101270100;43F01606020BFF0101160101010100;43F01606020CFF01010F01030E0100;43F01606020DFF0101010120011C01;43F01606020EFF170E0F3505112600;43F01606020FFF0101070804041200;43F016060210FF0104010101120400;43F016060211FF10010D0101010115;43F016060212FF0105180101010100;43F016060213FF0B1A010419010100;43F016060214FF0208010101010100;43F016060215FF0125010E01010101;43F016060216FF0419010601010100;43F016060217FF0101010101010100;43F016060218FF0101090F02010100;43F016060219FF0101010101010101;43F01606021AFF0127010101010100;43F01606021BFF0101010101010100;43F01606021CFF0101010101010100;43F01606021DFF0D011A0C1C5E3401
339,43F016052859FF0000000042010100;43F01605285AFF0101529301530100;43F01605285BFF0101010101010100;43F01605285CFF0101010101010100;43F01605285DFF01010F0801010101;43F01605285EFF0401010101010100;43F01605285FFF0101010101010100;43F016052900FF0101010101010100;43F016052901FF04010101330F0100;43F016052902FF0101010701010E00;43F016052903FF011B011E01010100;43F016052904FF0101010101010100;43F016052905FF0101010101010101;43F016052906FF0109030101010900;43F016052907FF0101010101010100;43F016052908FF0101010101010100;43F016052909FF0101010101071201;43F01605290AFF1F01010101010100;43F01605290BFF0101010101010100;43F01605290CFF030101010C010100;43F01605290DFF0101010101010101;43F01605290EFF0101010101014A00;43F01605290FFF0128010101010100;43F016052910FF0101010101010100;43F016052911FF0101010101010101;43F016052912FF0101010101010100;43F016052913FF0101010101010100;43F016052914FF0101012D19010100
339,43F016052956FF0000004805010700;43F016052957FF0101010101010100;43F016052958FF010101010101013E;43F016052959FF0101012101010101;43F01605295AFF0101010101010100;43F01605295BFF0101010101010100;43F01605295CFF0101010101010100;43F01605295DFF0104010101010101;43F01605295EFF0201010101010100;43F01605295FFF0107012001010100;43F016053000FF010101070A010100;43F016053001FF010A0101010A0100;43F016053002FF0122010101010100;43F016053003FF0101010101010100;43F016053004FF012B010101010100;43F016053005FF0101010101010101;43F016053006FF0101010115010100;43F016053007FF190101012C010100;43F016053008FF0101010101010100;43F016053009FF0101010101010101;43F01605300AFF0C010101010C0100;43F01605300BFF0101010101011E00;43F01605300CFF0101010101010100;43F01605300DFF0101010101010101;43F01605300EFF05010B010E010100;43F01605300FFF0101010101010100
339,43F016053059FFF162010101010174;43F01605305AFF0101010701010100;43F01605305BFF0101010A060F0100;43F01605305CFF0101010101010100;43F01605305DFF0101010101010101;43F01605305EFF0101010101010100;43F01605305FFF0101010102010100;43F016053100FF0107040101040100;43F016053101FF0101010101010100;43F016053102FF0101010101010100;43F016053103FF0114010101010100;43F016053104FF0101010101010100;43F016053105FF0101010101010101;43F016053106FF0101010101010100;43F016053107FF0101010101340100;43F016053108FF011F010101010100;43F016053109FF0101010101010101;43F01605310AFF0101010101010100;43F01605310BFF0101010101010100;43F01605310CFF0101020107010100;43F01605310DFF0101010101010201;43F01605310EFF0101010101010100;43F01605310FFF01010E0117010100;43F016053110FF0101010101010100
339,43F01605315AFF0000003ED10E2000;43F01605315BFF4C121E1801010300;43F01605315CFF0101010101010101;43F01605315DFF0101010101010101;43F01605315EFF0101010101010100;43F01605315FFF0101010101010100;43F016060100FF0C01010701010100;43F016060101FF01170C0101010100;43F016060102FF0101010101010100;43F016060103FF0101010101010100;43F016060104FF0101011A010E0100;43F016060105FF01010F1A01010101;43F016060106FF0101010101010100;43F016060107FF01010101012F0100;43F016060108FF0201010101010100;43F016060109FF0101010101010101;43F01606010AFF0101010101010100;43F01606010BFF0101010101010100;43F01606010CFF0101010101010100;43F01606010DFF0102010101010101;43F01606010EFF012E060101250100;43F01606010FFF0101410101010100;43F016060110FF012B010101010100
339,43F016060157FF0000000000002E00;43F016060158FF09012C3410010101;43F016060159FF010101010101012E;43F01606015AFF0101010101010100;43F01606015BFF0101010101010100;43F01606015CFF0101020101010100;43F01606015DFF0101010101010101;43F01606015EFF0101010101010100;43F01606015FFF0108050101010100;43F016060200FF0101010101010100;43F016060201FF010101010B010100;43F016060202FF0101010101380100;43F016060203FF0101010101010100;43F016060204FF0101010101010100;43F016060205FF0101010101010101;43F016060206FF0101011101010300;43F016060207FF0101040201010100;43F016060208FF0101010101010100;43F016060209FF0101010120010101;43F01606020AFF0101010101010100;43F01606020BFF0101010126010100;43F01606020CFF0101610101010100;43F01606020DFF0101010101150101;43F01606020EFF0101010101010100;43F01606020FFF0101010101010100;43F016060210FF0101010101010100
348,43F01605255EFF0000000000523600;43F01605255FFF5D0C0101010A0100;43F016052600FF0101010101010100;43F016052601FF0101010101015100;43F016052602FF17010D0101010100;43F016052603FF0101230101120100;43F016052604FF01010101010D0100;43F016052605FF01010E0116012079;43F016052606FF2B0D010101010100;43F016052607FF0101010101010100;43F016052608FF0101010101010100;43F016052609FF0101270103010101;43F01605260AFF1604061501010100;43F01605260BFF01010101010F0100;43F01605260CFF010106011B010100;43F01605260DFF0101010101010106;43F01605260EFF0101010F02011A00;43F01605260FFF0701012BA3280100;43F016052610FF0A364B0101010100;43F016052611FF210B010B13010104;43F016052612FF0101011501010100;43F016052613FF161B010101010100;43F016052614FF0901160101100100;43F016052615FF0201011E01013001;43F016052616FF0108745A79070100;43F016052617FF2201010101011000;43F016052618FF011A010201010100;43F016052619FF01010101010A1618;43F01605261AFFF38B010101010100;43F01605261BFF0101010101010100;43F01605261CFF0101010101010100;43F01605261DFF01010101010101F3;43F01605261EFF6B73F5BA1EB9DD00;43F01605261FFF112926011ADF8A00;43F016052620FF19011410120A0800;43F016052621FF0D1113030E0F9801;43F016052622FF180B0A090A130400;43F016052623FF100B1708120F1000;43F016052624FF01100B0A06110D00;43F016052625FF0E1A0705180D0AFA;43F016052626FF0107120F0E140400;43F016052627FF070A090C16050A00;43F016052628FF0A010D0301100400;43F016052629FF01010B070A0E1907;43F01605262AFF0904060D0B0A0400;43F01605262BFF01060709011A0700;43F01605262CFF1004080703040400;43F01605262DFF1B060F0B0D0F012F
348,43F016052659FF150101010101010B;43F01605265AFF0101010101010100;43F01605265BFF0101010111010100;43F01605265CFF0101010101010100;43F01605265DFF0101010101010101;43F01605265EFF0101010C0B010100;43F01605265FFF0101010101010100;43F016052700FF0101010101010100;43F016052701FF0101010101010100;43F016052702FF0101010101010100;43F016052703FF0130010101010300;43F016052704FF0101010101010100;43F016052705FF0101010101010101;43F016052706FF0111010101010100;43F016052707FF010225010C210100;43F016052708FF0540010101010100;43F016052709FF0101030401010101;43F01605270AFF0C01010101010100;43F01605270BFF1801010101010100;43F01605270CFF0101010101010100;43F01605270DFF0101010101010173;43F01605270EFF0310010101010100;43F01605270FFF3701010E01010100;43F016052710FF010101011B010100;43F016052711FF440101010107010A;43F016052712FF1B08011501010100;43F016052713FF2D01010101010100;43F016052714FF0801010801010100;43F016052715FF0101010101010101;43F016052716FF0101010101010100;43F016052717FF01010D0101010100;43F016052718FF0101010101010100;43F016052719FF0133010B6AA60401;43F01605271AFF0101026501062900;43F01605271BFF111D2F010F010100;43F01605271CFF0A9B010101010100
348,43F01605285FFF3D4EC31001030A00;43F016052900FFEDF03F0D01010100;43F016052901FF0108010101010100;43F016052902FF0101010101010100;43F016052903FF0101010101011000;43F016052904FF0B01011F170C0100;43F016052905FF0101052A01010101;43F016052906FF0101010101010E00;43F016052907FF0101010101010100;43F016052908FF0101010101010100;43F016052909FF0101012301010101;43F01605290AFF19211E0117142100;43F01605290BFF1006010101010100;43F01605290CFF0101010101200100;43F01605290DFF080410010101010F;43F01605290EFF1201010C04160100;43F01605290FFF17010A0F0C010D00;43F016052910FF010101010A1F0800;43F016052911FF2D022B3401011B12;43F016052912FF0816152510010100;43F016052913FF0101110108190100;43F016052914FF011B090101010100;43F016052915FF0101010101010107;43F016052916FF0101031201090100;43F016052917FF1222070114030100;43F016052918FF0101012531290100;43F016052919FF0101010901010101;43F01605291AFF0101010106010100;43F01605291BFF01012E1001AA8200;43F01605291CFF28131110023C0100
348,43F016060100FF00000000070E5700;43F016060101FF2514C4645A926100;43F016060102FFB1C54E4801010100;43F016060103FF0106010101010100;43F016060104FF01010101010C0100;43F016060105FF01010101070301C9;43F016060106FF0101010106011700;43F016060107FF0104222103010100;43F016060108FF0101010101010100;43F016060109FF0101010101010112;43F01606010AFF0101010101060100;43F01606010BFF053C05010E236700;43F01606010CFF0101010101010100;43F01606010DFF0101012B0D1F0101;43F01606010EFF0111010128010100;43F01606010FFF0101010901010100;43F016060110FF0107010416010100;43F016060111FF2001010112013A05;43F016060112FF0101219801010100;43F016060113FF0108471101070100;43F016060114FF0101010101010100;43F016060115FF0101010101010727;43F016060116FF0130010113131000;43F016060117FF011B011B01280700;43F016060118FF0101190101010900
348,43F01606015FFF000000286DDCE000;43F016060200FF0101010101140100;43F016060201FF0101010101010100;43F016060202FF0101010101011300;43F016060203FF0101010101090100;43F016060204FF0101060101010100;43F016060205FF0101010101010101;43F016060206FF010101010C011600;43F016060207FF1C01010101010100;43F016060208FF0101090101010600;43F016060209FF081E010129810101;43F01606020AFF010B010101010100;43F01606020BFF0101010101010100;43F01606020CFF01010101010B1100;43F01606020DFF0101050101010197;43F01606020EFF0101081401010700;43F01606020FFF0106010114010A00;43F016060210FF010134010D012200;43F016060211FF010101010B010101;43F016060212FF0101010101011100;43F016060213FF0101010101010100;43F016060214FF0101050E0E011A00;43F016060215FF010101012E0E0101;43F016060216FF0101010104010100;43F016060217FF010169493C010100;43F016060218FF0101D67121837800;43F016060219FF4737010101010101;43F01606021AFF0101010101010100;43F01606021BFF0101010101010100;43F01606021CFF0101010101010100;43F01606021DFF0101010101010101;43F01606021EFF17097B6AA3B39800;43F01606021FFF98AFE79D2E772900;43F016060220FFCF19820F3B120C00;43F016060221FF091A1203090F1101;43F016060222FF18170B2611191D00;43F016060223FF381A092111141600;43F016060224FF150620010E041000;43F016060225FF13120B0B0D072B1D;43F016060226FF050B031D2A150600;43F016060227FF220D090801022300;43F016060228FF09070A090F0B0C00;43F016060229FF1411111E051D0B20
359,43f016052804ff000000334d572e00;43f016052805ff0101010101010100;43f016052806ff0101010101010100;43f016052807ff0101010135103400;43f016052808ff0101010101010100;43f016052809ff0101010101010101;43f01605280aff0101010101010100;43f01605280bff5901010101190100;43f01605280cff09010b0101070100;43f01605280dff0117010117010101;43f01605280eff0101010101010100;43f01605280fff01011b0119011700;43f016052810ff0101010101140100;43f016052811ff010101010a231701;43f016052812ff0b01010b0d0b3700;43f016052813ff1001010501090100;43f016052814ff151f011001010100;43f016052815ff0101010101010101;43f016052816ff0e01010101010100;43f016052817ff3721010101011100;43f016052818ff0109010a20010100;43f016052819ff010a010101010101;43f01605281aff0119010104010100;43f01605281bff0110010110070100;43f01605281cff0105010501011300;43f01605281dff0101010110010101;43f01605281eff011a010101010100;43f01605281fff0101010101010100;43f016052820ff5901241101010100;43f016052821ff0102010d010c0101;43f016052822ff011901254c010100;
359,43f016052906ff0000000000185100;43f016052907ff50010e0101010100;43f016052908ff0101010101010100;43f016052909ff0101010125090100;43f01605290aff0101290101010100;43f01605290bff0101010101010100;43f01605290cff0101011207010100;43f01605290dff01010101013f0801;43f01605290eff010d011101010100;43f01605290fff0101010101010100;43f016052910ff0101012a01010100;43f016052911ff0101010101010101;43f016052912ff0108050101330100;43f016052913ff010f010f01010500;43f016052914ff05100315110c0100;43f016052915ff0610010101010101;43f016052916ff01090101011b0100;43f016052917ff0101010101010100;43f016052918ff0101010d1b090100;43f016052919ff0301010104010117;43f01605291aff010e170601010600;43f01605291bff0108080101010500;43f01605291cff01010c1001010100;43f01605291dff010d010101010110;43f01605291eff0101010101010100;43f01605291fff01010101010c0100;43f016052920ff1f0e190101151500;43f016052921ff0101010114010101;43f016052922ff01170c01011f0100;43f016052923ff01050a3f01010100;43f016052924ff010e010206010100;43f016052925ff0101010106010101;43f016052926ff0101010109010100;43f016052927ff010e0a370a011100;
359,43f016053008ff000070768d1c0100;43f016053009ff2001100101010100;43f01605300aff0116010101010100;43f01605300bff0101010101010100;43f01605300cff0101393301040b00;43f01605300dff071f01016f0a3901;43f01605300eff015301047c010100;43f01605300fff0101010101010300;43f016053010ff01010107010d0d00;43f016053011ff0101010104190b2c;43f016053012ff0106030108010100;43f016053013ff010e010107010100;43f016053014ff0601010104010400;43f016053015ff0101010101010101;43f016053016ff0101010101010100;43f016053017ff0101010101010100;43f016053018ff0101011309020100;43f016053019ff0101010101010101;43f01605301aff0101010101010100;43f01605301bff0101010101081000;43f01605301cff0401010101020400;43f01605301dff0101010101010104;43f01605301eff0112155001010100;43f01605301fff0101010101010100;43f016053020ff5501010101010100;43f016053021ff0101090101010114;43f016053022ff0103011001012d00;
359,43f016053104ff0101240101010100;43f016053105ff0101010101010100;43f016053106ff0113010101010100;43f016053107ff0b01010101010100;43f016053108ff0e01010139061800;43f016053109ff010a011901010101;43f01605310aff0101090115010100;43f01605310bff0101010101010500;43f01605310cff0101011501010b00;43f01605310dff0101010101010101;43f01605310eff0101010101011a00;43f01605310fff012c010101190f00;43f016053110ff012c011005012e00;43f016053111ff010718070617012a;43f016053112ff0406080e09030100;43f016053113ff0401051d1f011600;43f016053114ff2901010409010100;43f016053115ff0101010101010101;43f016053116ff0101010101010100;43f016053117ff0101010101010100;43f016053118ff0101010c03010100;43f016053119ff01010c0101080101;43f01605311aff01020c0101270200;43f01605311bff030101010f010100;43f01605311cff0101010101010100;43f01605311dff0101010101010101;43f01605311eff0126010101010100;43f01605311fff0e01070108010600;43f016053120ff0101010d0c1e0100;43f016053121ff0101110701011604;
359,43f016060203ff0000000000004c00;43f016060204ff0501010101160100;43f016060205ff0101190101010100;43f016060206ff0101010101010100;43f016060207ff011c0c0101010100;43f016060208ff0101381e01010500;43f016060209ff010f011c06150101;43f01606020aff0101010101010100;43f01606020bff0101011d29010100;43f01606020cff0101010101010100;43f01606020dff0101010101010101;43f01606020eff01331501010e0100;43f01606020fff191e230101010800;43f016060210ff1401010108120100;43f016060211ff0101010101010101;43f016060212ff012e010124010100;43f016060213ff1c01010d1e010100;43f016060214ff012c010101010100;43f016060215ff0101010101300c01;43f016060216ff0b2d23011a181a00;43f016060217ff080101020d250100;43f016060218ff0101010501260100;43f016060219ff0101031c01010101;43f01606021aff0101010101010100;43f01606021bff0101010901140700;43f01606021cff01010108011b0600;43f01606021dff0101010101010101;43f01606021eff0101040104010100;43f01606021fff0c0101010d010100;43f016060220ff010101010f050100;43f016060221ff2e01012101010501;43f016060222ff310101011d110700;43f016060223ff0101170101011500;43f016060224ff4801010101010100;43f016060225ff0101190101010118;43f016060226ff0a01010101010100;43f016060227ff0101060101010100;43f016060228ff0101010101010100;